text,label,predicted_label,predicted_probability,prob_negative,prob_neutral,prob_positive
android marshmallow <number> . <number> . <number> won't let me log on the by existing account just keeps saying setting up bbm please fix,negative,negative,0.7783802151679993,0.7783802151679993,0.18205708265304565,0.039562758058309555
map animation stopped working,negative,negative,0.7399725317955017,0.7399725317955017,0.20323161780834198,0.056795936077833176
"good, but slow workflow.",positive,neutral,0.5890800356864929,0.027645379304885864,0.5890800356864929,0.3832745850086212
nice app to use with friends,neutral,positive,0.8406230807304382,0.021777305752038956,0.13759958744049072,0.8406230807304382
"i love this app, but i wish they had more outfit selections for maternity. other than that it's pretty awesome.",positive,positive,0.8405591249465942,0.021104736253619194,0.13833609223365784,0.8405591249465942
radar in motion won't work.,negative,negative,0.9358100891113281,0.9358100891113281,0.050083644688129425,0.014106350019574165
only opened <number> st <number> th pages of <url>,negative,negative,0.5312415957450867,0.5312415957450867,0.3339274823665619,0.13483092188835144
when i was being rained on it said no rain in your <url> it is still a good weather app.,neutral,positive,0.49570080637931824,0.06564938277006149,0.43864986300468445,0.49570080637931824
everthing is tought before its use,neutral,neutral,0.39886659383773804,0.3978204131126404,0.39886659383773804,0.20331302285194397
good content. worth downloading,neutral,positive,0.8253750205039978,0.018403660506010056,0.15622137486934662,0.8253750205039978
"it's a great and fun app for emoji use, i like the customization. but there needs to be more clothing and style options. i feel like there needs to be styles with clothing and hair, such as punk, goth, rocker, traditional, futuristic, fairy, and many more. other than wanting more styles to choose from this app is great",positive,positive,0.8421148061752319,0.02103734388947487,0.1368478387594223,0.8421148061752319
"wow, this is a terrible app. no open dialog or page goto. i had expected better from an actual adobe app.",negative,negative,0.9288685321807861,0.9288685321807861,0.052946023643016815,0.0181854497641325
i m fed of this <url> has posted it add every where,negative,negative,0.5763676166534424,0.5763676166534424,0.274691104888916,0.1489412933588028
it is very usefull browser,positive,positive,0.8042517304420471,0.025403589010238647,0.17034462094306946,0.8042517304420471
its a bit slow vs thinking office and also text anti aliasing is bad,neutral,neutral,0.6416057348251343,0.19377973675727844,0.6416057348251343,0.16461455821990967
"it was great for me and the owner was very nice to us.,but the price change when i pay from <number> to <number>",neutral,positive,0.7505594491958618,0.03136160969734192,0.21807895600795746,0.7505594491958618
provide some good <url> the only bad thing about this app is lack of good <url> hope you make it <url>,neutral,neutral,0.5836266279220581,0.059610456228256226,0.5836266279220581,0.35676291584968567
problem with saving large photos plz fix ir,neutral,neutral,0.5389919281005859,0.3230564594268799,0.5389919281005859,0.13795162737369537
its a good app but we dont have a night mode option for reading in which the background becomes black and text becomes white in color.,positive,neutral,0.6222791075706482,0.03529270738363266,0.6222791075706482,0.34242817759513855
i hate the new version of bbm,negative,negative,0.9197410941123962,0.9197410941123962,0.06230679154396057,0.017952226102352142
is an interesting app to use.,positive,positive,0.8478642702102661,0.01877712830901146,0.13335861265659332,0.8478642702102661
"used to be great. now lots of issues with network. i keep getting no network errors, as failed to update errors even when signal is great, or i'm connected to my wi-fi at home.",neutral,negative,0.554027795791626,0.554027795791626,0.35897910594940186,0.08699309080839157
it always has me in virginia and i live in florida,neutral,neutral,0.42383697628974915,0.1772342473268509,0.42383697628974915,0.39892876148223877
it is the very good ape to any one download,positive,positive,0.8091289401054382,0.024747565388679504,0.16612352430820465,0.8091289401054382
not up to the mark,neutral,neutral,0.4659561216831207,0.4017961025238037,0.4659561216831207,0.13224783539772034
useless boring it's of no use now days just like mxit,negative,negative,0.7743815779685974,0.7743815779685974,0.17827589809894562,0.047342460602521896
very easy to use,positive,positive,0.8487573266029358,0.021956559270620346,0.12928611040115356,0.8487573266029358
worst upadate this update dont respond whenever i access my download section so hated it.,negative,negative,0.9352726340293884,0.9352726340293884,0.05004477873444557,0.014682495966553688
i have lots of state that i watch. my home town will not show what it feels like. all the others do. i have tried a few different things and it won't work. don't understand but it is important to me to know how cold it feels out. i can go to hourly and it tells me but should not have to! i'm uninstalling!,neutral,negative,0.8554198741912842,0.8554198741912842,0.12049495428800583,0.024085212498903275
better and more accurate then most other weather apps.,positive,positive,0.7658520936965942,0.029081027954816818,0.20506687462329865,0.7658520936965942
fun!!! just wish i could make one of my bf.,neutral,positive,0.8270208239555359,0.03570863977074623,0.1372704654932022,0.8270208239555359
worthless does not open password protected pdf as stated,negative,negative,0.6796965599060059,0.6796965599060059,0.2406233698129654,0.07968003302812576
shoddy ui and keeps logging me out,negative,negative,0.496567964553833,0.496567964553833,0.3958251178264618,0.10760688036680222
"very accurate, which is important! how about a <number> x <number> widget?",positive,positive,0.7456024289131165,0.0365566648542881,0.21784093976020813,0.7456024289131165
i like the set up.,positive,positive,0.8181108236312866,0.01926412247121334,0.16262508928775787,0.8181108236312866
"looks interesting at initial install, however the advertisement photos and the camera lay out are different to my install on a samsung galaxy note <number> . missing too many features compared to the full pc. version, particularly tagging and indexing. camera is not as good as the original camera being on the dark side. a nice app. however adds not enough to warrant keeping. perhaps in the future updates. most notably is missing the side by side photo comparison which was the main reason for installation.",neutral,neutral,0.6816458702087402,0.0662609413266182,0.6816458702087402,0.25209322571754456
nexus <number> and samsung s <number>,positive,negative,0.4027474820613861,0.4027474820613861,0.3286598026752472,0.2685927152633667
"crashing. app crashes and freezes constantly. on htc one m <number> , and the app is completely broken.",negative,negative,0.8799853324890137,0.8799853324890137,0.09067491441965103,0.0293397456407547
plz provide watermarking <url>,positive,positive,0.43037059903144836,0.1907557100057602,0.37887367606163025,0.43037059903144836
u can download all movies in any language at movie <url> it okkk,neutral,neutral,0.5507121086120605,0.23543161153793335,0.5507121086120605,0.21385632455348969
pls add more features for android like iphone features,neutral,positive,0.5103539228439331,0.09183319658041,0.3978129029273987,0.5103539228439331
nice app but when i taking picture with this app i have little problem here the range have limited only <number> - <number> meter even i set focus to infinity still can't get to it. i shoot with pro mode <url> you can fix that it will be <url>,neutral,positive,0.5235838890075684,0.03794540464878082,0.4384706914424896,0.5235838890075684
it's not a web browser. it's an ad browser,negative,negative,0.5250245332717896,0.5250245332717896,0.3645228445529938,0.1104525625705719
a lot of a bug here,negative,negative,0.5248311758041382,0.5248311758041382,0.34954556822776794,0.12562325596809387
shame forest starts again every day would be nice to build a huge forest like monthly or so,positive,neutral,0.44955044984817505,0.12518218159675598,0.44955044984817505,0.42526736855506897
"this app is so fun! my friends and family love exchanging silly bitmojis in our texts. the only reason why i gave it <number> stars is because i wish there was a way for your to organize the bitmojis, so you can quickly access certain ones instead of having to scroll through them or search. also, the outfits are pretty awful. they need a little more fashion. lol however, the art and creativity in the bitmojis are terrific!",positive,positive,0.7320221662521362,0.0542706660926342,0.21370716392993927,0.7320221662521362
i love it but we need video support!,neutral,positive,0.7241580486297607,0.03485728055238724,0.24098463356494904,0.7241580486297607
the app is is good but,neutral,neutral,0.6619946360588074,0.046721186488866806,0.6619946360588074,0.29128411412239075
it is taking forever to load. never had this issue before. just started a few weeks ago,neutral,negative,0.5622141361236572,0.5622141361236572,0.3485146164894104,0.08927121013402939
map stopped animating over a week ago on my samsung galaxy s <number> . please fix. used to be the <signature>,negative,negative,0.6803045868873596,0.6803045868873596,0.2505226135253906,0.06917285919189453
"it definitely helps me stay focused and off my phone. the one complaint i have is that when i have my phone on silent/vibrate, when i plant a tree my phone goes into standard/sounds on mode. i don't like that at all, i have it on silent for a reason.",positive,positive,0.5587945580482483,0.048768050968647,0.3924373686313629,0.5587945580482483
one   for doing this nasty ios port,negative,negative,0.8203097581863403,0.8203097581863403,0.13112425804138184,0.04856602102518082
unmounted my sd card,negative,negative,0.8722354173660278,0.8722354173660278,0.09898849576711655,0.028776055201888084
why can i not delete saved locations? and ive read thtough it many times and dont see anyway at all to delte previously saved locations!!? im going to have to uninstall the app and then reinstall it to reset this location deleting issue u have!?!???,neutral,negative,0.8275619149208069,0.8275619149208069,0.1441839039325714,0.02825416438281536
"lacks capability to browse for local file. no goto page option, <number> page documents impossible to read. no 'bookmark' to save <url> apps avail",negative,negative,0.7009106874465942,0.7009106874465942,0.25702103972435,0.042068250477313995
bbm is easy to use and simple way for chating to my friends and <url> !,neutral,positive,0.8308100700378418,0.023817889392375946,0.14537197351455688,0.8308100700378418
make it better please,positive,neutral,0.4969082772731781,0.04381956160068512,0.4969082772731781,0.4592721462249756
"i liked the game as well as the concept. it would be better if it gave a sort of buzzer when time was up, and if you could add some personalization.",positive,positive,0.7870299816131592,0.02635488100349903,0.18661506474018097,0.7870299816131592
"useful app nice app for opening documents, no adverts,easy to use and doesn't need a lot of experience",positive,positive,0.8442501425743103,0.017742415890097618,0.13800738751888275,0.8442501425743103
easy to book and great choice and information.,positive,positive,0.8727312088012695,0.02437104843556881,0.1028977558016777,0.8727312088012695
never trust earth networks again,negative,negative,0.5596308708190918,0.5596308708190918,0.28584644198417664,0.15452267229557037
what happened to the elite version i paid for?,negative,negative,0.8726813197135925,0.8726813197135925,0.09832683950662613,0.028991831466555595
lots of problems with the map,neutral,neutral,0.5141485929489136,0.29027870297431946,0.5141485929489136,0.19557268917560577
simple and easy to use,positive,positive,0.8590685129165649,0.019370153546333313,0.12156136333942413,0.8590685129165649
"enjoyed the app until the <url> then the ticker quit <url> the pop up ads in the ticker are annoying. when you get all that shut off in settings, it works great!",positive,positive,0.5860825181007385,0.08259480446577072,0.33132266998291016,0.5860825181007385
radar does not work. will not stay on my home city.,negative,negative,0.9349780678749084,0.9349780678749084,0.053077783435583115,0.011944235302507877
it would be nice if it was in different languages.,neutral,positive,0.6587214469909668,0.020682819187641144,0.32059571146965027,0.6587214469909668
some tools can be available and improved without having to open an account or sign in each time like with drive but in general is pretty useful and have good features also please create the bin icon instead of the <number> dots and once you choose a file you can't delete only if you go back,positive,positive,0.670817494392395,0.02598216012120247,0.3032003939151764,0.670817494392395
"i love it! however, i do a lot of work on my phone and so i would like an option to run the app while using my phone, without it killing a tree!",positive,positive,0.8514050841331482,0.026686176657676697,0.12190873175859451,0.8514050841331482
good app easy to use. the lens correction function doesn't seem to work though. but maybe i am unaware of how it's supposed to work.,positive,positive,0.6600878834724426,0.02435949444770813,0.31555265188217163,0.6600878834724426
there should be feature by which we can see who saw my message in a group and who doesn't. like we have in what's app,positive,positive,0.4785037040710449,0.04340696707367897,0.4780893623828888,0.4785037040710449
"can we get this to, somehow, plant an actual tree? say, for a certain amount of trees grown succesfully a tree gets planted at some forest in need.",negative,neutral,0.5206611752510071,0.1543954461812973,0.5206611752510071,0.32494330406188965
contains alot of ads,positive,neutral,0.3840593695640564,0.286870539188385,0.3840593695640564,0.3290700912475586
can't search area,negative,negative,0.5194159746170044,0.5194159746170044,0.3788813352584839,0.1017027199268341
good app for team communications,positive,positive,0.8252988457679749,0.019901355728507042,0.15479984879493713,0.8252988457679749
stopped showing up in my status bar,neutral,negative,0.5306228399276733,0.5306228399276733,0.33349302411079407,0.1358841508626938
use it for studying,positive,positive,0.7029523849487305,0.04258304834365845,0.2544645667076111,0.7029523849487305
too much ads i dont want uc news stop showing me ads to download uc news,negative,negative,0.4971470534801483,0.4971470534801483,0.3885759711265564,0.1142769530415535
installed this app on my zt <number> tablet but wont work annoying!,negative,negative,0.9039682149887085,0.9039682149887085,0.07832898944616318,0.017702879384160042
the tree does not die no matter which app i <url> i have tried every setting possible but it doesnot <url>,negative,negative,0.7429718375205994,0.7429718375205994,0.19271206855773926,0.0643160417675972
i love  this app,positive,positive,0.7843347787857056,0.06318075954914093,0.1524844467639923,0.7843347787857056
need to have female and males,neutral,neutral,0.5032410621643066,0.20796434581279755,0.5032410621643066,0.288794606924057
add tick tick clock sound in it,positive,positive,0.4755723774433136,0.07502355426549911,0.4494040012359619,0.4755723774433136
the radar won't work with samsung galaxy s <number> . so lame,negative,negative,0.904352068901062,0.904352068901062,0.07818629592657089,0.01746160350739956
great app. and loads pdf docs faster than many other apps,positive,positive,0.8411886096000671,0.04146890714764595,0.1173424944281578,0.8411886096000671
"fun app! wish i could draw some added details, but fun anyway.",positive,positive,0.7824925184249878,0.023455362766981125,0.1940520703792572,0.7824925184249878
pretty cool app to have.,positive,positive,0.6988964080810547,0.04175637662410736,0.25934725999832153,0.6988964080810547
"clumsy auto-import, but great overall",positive,positive,0.7159102559089661,0.02826474979519844,0.2558250427246094,0.7159102559089661
useless without raw support,negative,negative,0.8896154761314392,0.8896154761314392,0.0846826583147049,0.025701889768242836
tried to use it for my team at work but they just wanted to use the whatsapp groups they currently do which is basically the same thing.,neutral,negative,0.47108760476112366,0.47108760476112366,0.39173829555511475,0.1371741145849228
i think this a smart browser but opera mini fast then uc but good effort by devolpers,positive,positive,0.5394682288169861,0.029518499970436096,0.431013286113739,0.5394682288169861
i am facing problem while using it needed to work on user interface its getting slow and hangs sometimes,neutral,negative,0.46558815240859985,0.46558815240859985,0.4264134168624878,0.10799836367368698
"it's an ok app, compared to whatsapp and line messenger",neutral,neutral,0.5294678211212158,0.03099658153951168,0.5294678211212158,0.43953555822372437
"won't open any .pdf files on my tmo vibrant (bionix <number> . <number> ), useless.",negative,negative,0.9423283338546753,0.9423283338546753,0.044713981449604034,0.012957651168107986
can you fix the quality of display picture,positive,neutral,0.5714813470840454,0.2140267789363861,0.5714813470840454,0.21449187397956848
can't move app to sd card,neutral,neutral,0.4249097406864166,0.40828025341033936,0.4249097406864166,0.16681000590324402
good app but more facilities we exprcted,neutral,neutral,0.4967215657234192,0.027160687372088432,0.4967215657234192,0.4761177599430084
app works great. consider changing the red triangular notification to a solid red color in the notification bar in android. on my note <number> it appears as transparent in the notification bar at the top.,positive,positive,0.6897788047790527,0.04025765880942345,0.2699636220932007,0.6897788047790527
plz update it it stick in the loading screen forever,negative,neutral,0.4819873869419098,0.32304757833480835,0.4819873869419098,0.19496503472328186
i like it but i wish there were more things and i wish we could customize shirts and stuff,positive,positive,0.724482536315918,0.02211298607289791,0.2534044682979584,0.724482536315918
my messages aren't going through to anyone. please fix immediately.,neutral,negative,0.43829143047332764,0.43829143047332764,0.4089829921722412,0.15272557735443115
"i love it, but i'll select one to use and then it will show the new one sent, but a short time later, it will show that i resent an old one, not the one i just selected.",neutral,positive,0.7165338397026062,0.03469245135784149,0.24877366423606873,0.7165338397026062
my radar has stopped working! i've never had a problem with it until today please fix!,negative,negative,0.7906754016876221,0.7906754016876221,0.16848044097423553,0.040844183415174484
working properly for awhile and crashes later on,neutral,negative,0.4599468410015106,0.4599468410015106,0.4114205837249756,0.1286325454711914
"a well-crafted, simple app",positive,positive,0.8691982626914978,0.024054227396845818,0.106747567653656,0.8691982626914978
it was okay at the start and got me focussed but my phone's screen timed out and locked and then my tree withered. please fix this,negative,neutral,0.596615195274353,0.18878121674060822,0.596615195274353,0.21460358798503876
it's pretty useful!,positive,positive,0.8056918382644653,0.017069384455680847,0.1772388219833374,0.8056918382644653
why can my friends get the bitmojis with two people but i can't? frustrated.,neutral,negative,0.6264871954917908,0.6264871954917908,0.3000858724117279,0.07342692464590073
remove obscene quotes and gestures,negative,negative,0.7800297737121582,0.7800297737121582,0.16513757407665253,0.054832614958286285
pretty good. app wish it let you face scan yourself.,positive,positive,0.7726967334747314,0.020138755440711975,0.20716457068920135,0.7726967334747314
very good but crashes often,neutral,positive,0.5372501015663147,0.02398773655295372,0.4387621581554413,0.5372501015663147
"lacking lens correction and blur features, otherwise i'd love it. please consider adding these, otherwise i'll have to use photo mate r <number> , cause while it doesn't have blur feature's it has great lens correction features so i can get my chromatic aberration effect : <number>",positive,positive,0.7237751483917236,0.04052169248461723,0.23570317029953003,0.7237751483917236
the animation stopped working please fix!,negative,negative,0.8309800624847412,0.8309800624847412,0.13699939846992493,0.03202056512236595
goood one no one can see images unless u do hd,positive,negative,0.4592433571815491,0.4592433571815491,0.38272351026535034,0.1580331027507782
the app lags and consume lots of space.,negative,neutral,0.5240527391433716,0.22536109387874603,0.5240527391433716,0.2505861818790436
"great app, using for an <url> but, could it be upgraded with the feature 'desktop mode' ?",positive,positive,0.8218660354614258,0.02990412339568138,0.14822989702224731,0.8218660354614258
it was good before,neutral,neutral,0.45210298895835876,0.23270919919013977,0.45210298895835876,0.3151877522468567
i like the old spark better it was more accurate cuz it told you exactly how many miles away the lightning was now you gotta zoom in on the map just to see in a round about ways of where the lightning <url>,neutral,positive,0.7040008902549744,0.02737901173532009,0.2686200737953186,0.7040008902549744
"i really like it, but for a while now it hasn't been making my tree die when i touch my phone. also, after completing a set amount of time there's another number underneath my tree. i can't figure out what this means.",positive,positive,0.5816085338592529,0.03887134790420532,0.37952011823654175,0.5816085338592529
annoying buttons below the chat text box.,neutral,neutral,0.5075185298919678,0.3394966721534729,0.5075185298919678,0.15298479795455933
i like this app for esuy to watch movie,positive,positive,0.823428213596344,0.0263250470161438,0.1502467840909958,0.823428213596344
"aaa please tell me why it doesnt show my cherry blossom <url> i just unlocked it with <number> coins, and i cant find it to grow it. arghh its frustrating.",neutral,negative,0.4959958493709564,0.4959958493709564,0.4099942743778229,0.0940098762512207
needs to save where you last left off thats all it needs <number> stars when it updates,neutral,neutral,0.4857693910598755,0.3470126688480377,0.4857693910598755,0.1672179102897644
the app draws the mobile addict in you and plays with his/her psyche.,positive,positive,0.5133464336395264,0.1628325879573822,0.3238210082054138,0.5133464336395264
it is helpful for fast downloading,positive,positive,0.7660028338432312,0.019584322348237038,0.2144128829240799,0.7660028338432312
hard to access emojis/sticker,positive,negative,0.5956902503967285,0.5956902503967285,0.33844760060310364,0.06586214154958725
why this app has become so big? earlier it used to be only <number> mbs now its <number> . please reduce the size. <signature>,neutral,neutral,0.5019264817237854,0.35312169790267944,0.5019264817237854,0.14495189487934113
directions make no sense,negative,negative,0.6120511889457703,0.6120511889457703,0.2975066006183624,0.0904422402381897
great app for photography but,neutral,positive,0.8341390490531921,0.023826351389288902,0.14203456044197083,0.8341390490531921
why can't they fix these issues,neutral,negative,0.474624365568161,0.474624365568161,0.38952118158340454,0.13585437834262848
not working with whats app,negative,negative,0.706414520740509,0.706414520740509,0.24522680044174194,0.048358719795942307
you have to put the search option in the app,positive,neutral,0.45102763175964355,0.33708110451698303,0.45102763175964355,0.2118912786245346
"its very usefull, also good <url> !!!",positive,positive,0.8455258011817932,0.02337092161178589,0.1311032772064209,0.8455258011817932
"its good. but the problem is whenever i charge my phone, and the forest app has been running, the moment the charging the moment the tree died. and i do not get a single coin. lol is not my fault that the tree died, but what i got-o coins and a dead tree.",neutral,neutral,0.6548947095870972,0.04436713084578514,0.6548947095870972,0.3007380962371826
tel me what to do,positive,neutral,0.389999121427536,0.36450743675231934,0.389999121427536,0.24549339711666107
some websites say i don't have adobe even though i have this loaded.,neutral,negative,0.46094560623168945,0.46094560623168945,0.38562145829200745,0.1534329205751419
it is easy to find your distination but there is always a less price,neutral,neutral,0.5461720824241638,0.05371019244194031,0.5461720824241638,0.40011775493621826
i havent many friends here,positive,negative,0.5613188147544861,0.5613188147544861,0.3199295401573181,0.11875160783529282
"would like updates on the sun over a <number> hour loop, as well as wind maps, water temps. but one of the <signature>",positive,positive,0.6845101714134216,0.021512797102332115,0.2939770221710205,0.6845101714134216
where are the local adjustments?,positive,neutral,0.45389658212661743,0.35017648339271545,0.45389658212661743,0.19592693448066711
very easy to <url>,neutral,positive,0.8201283812522888,0.02809707447886467,0.15177449584007263,0.8201283812522888
easy to use very good deal.,positive,positive,0.8587689399719238,0.017768852412700653,0.12346213310956955,0.8587689399719238
this app doesnt want to sign me up,neutral,negative,0.8365153670310974,0.8365153670310974,0.13505235314369202,0.028432263061404228
always showing install even it has already installed,positive,neutral,0.4533589780330658,0.23303669691085815,0.4533589780330658,0.3136043846607208
the zooming feature is slow and consequently difficult to use.,neutral,neutral,0.5377905964851379,0.35715019702911377,0.5377905964851379,0.1050591990351677
great tool for on the go!,positive,positive,0.8567545413970947,0.03328835219144821,0.10995710641145706,0.8567545413970947
raw format not supported,neutral,negative,0.4744209051132202,0.4744209051132202,0.42104601860046387,0.1045331060886383
"it's a cool thing to have, but it won't sync up with the mozilla addon",positive,neutral,0.6689777970314026,0.04586856812238693,0.6689777970314026,0.28515365719795227
great app but keeps crashing,neutral,positive,0.7422522902488708,0.04010776802897453,0.2176399677991867,0.7422522902488708
"bbm is good ,hate the adverts",positive,neutral,0.5294034481048584,0.19361905753612518,0.5294034481048584,0.2769774794578552
how about a tablet ui?,neutral,neutral,0.5046969652175903,0.21474523842334747,0.5046969652175903,0.280557781457901
prefer the website more,neutral,positive,0.4660337269306183,0.07739052921533585,0.4565757215023041,0.4660337269306183
"good design. hope the plant real trees is a true story! also, why the highest ranking people are mostly asian? should expand your customers",positive,positive,0.7630020380020142,0.023815395310521126,0.21318256855010986,0.7630020380020142
"i am not disappointed, but pixlr is still a way better software.",neutral,neutral,0.4983123540878296,0.16348567605018616,0.4983123540878296,0.33820194005966187
"i love playing with bitmojis. the clothes in the personalization could use some updating, though. very little are things i'd ever actually wear. it would also be nice to add friends directly on the app to interact with their own bitmojis outside of snapchat.",positive,positive,0.8270568251609802,0.023022446781396866,0.1499207615852356,0.8270568251609802
i love it. i just wish i could delete images that i find offensive and would never use.,positive,positive,0.7954481244087219,0.0416865274310112,0.16286534070968628,0.7954481244087219
i think in the new update they let you color customize any hair style and let you put cuts in your eyebrows.,positive,positive,0.5475260019302368,0.08873710036277771,0.3637368977069855,0.5475260019302368
automatically resizes with no way to change!!,negative,negative,0.7962723970413208,0.7962723970413208,0.15893809497356415,0.04478954151272774
don't like the new update,positive,neutral,0.5479174852371216,0.2865300178527832,0.5479174852371216,0.16555249691009521
i like my bbm now . <signature>,positive,positive,0.7997357845306396,0.027739329263567924,0.17252491414546967,0.7997357845306396
no more trees since update. just shrubs :'(,positive,negative,0.45572903752326965,0.45572903752326965,0.4109775722026825,0.13329342007637024
would not updated on my phone and i tried like <number> times,negative,neutral,0.44173961877822876,0.41405820846557617,0.44173961877822876,0.14420220255851746
"needs more body shapes and sizes, as well as face lines around nose/cheeks",positive,neutral,0.533990740776062,0.06752447038888931,0.533990740776062,0.3984847962856293
took away floating head in txt,negative,negative,0.6840590834617615,0.6840590834617615,0.22116543352603912,0.0947754979133606
stopped working on my phone since the last update. will bring rating up when the problem is fixed.,negative,negative,0.7823097705841064,0.7823097705841064,0.17636527121067047,0.041325002908706665
works well. most of my pdf files require me to enter a username and password. this app will not allow me to. any chance of adding that?,neutral,neutral,0.5843322277069092,0.06216283515095711,0.5843322277069092,0.3535049259662628
"it's <url> ,add select area <url> mean make selection by <url>",neutral,neutral,0.4878562390804291,0.16370534896850586,0.4878562390804291,0.3484385013580322
app doesn't always work. temp won't show in n status bar. doesn't keep track of moving locations,neutral,negative,0.8017629981040955,0.8017629981040955,0.16940680146217346,0.02883019857108593
i hate this update,negative,negative,0.9234153628349304,0.9234153628349304,0.059581395238637924,0.017003219574689865
new updates are beyond worse,negative,negative,0.39965274930000305,0.39965274930000305,0.3594386577606201,0.24090860784053802
where is wbug elite i paid for???,negative,negative,0.7309311032295227,0.7309311032295227,0.21507415175437927,0.05399481952190399
make the time lapse between editing each feature shorter,positive,neutral,0.5903785824775696,0.16996069252490997,0.5903785824775696,0.23966075479984283
add one more feature,positive,positive,0.49756312370300293,0.09264454245567322,0.40979236364364624,0.49756312370300293
the app was useful but avg virus scanner said it contains malware so i'm uninstalling to be safe,negative,neutral,0.5088163614273071,0.35786914825439453,0.5088163614273071,0.13331453502178192
i couldn't open it.,negative,negative,0.8812457919120789,0.8812457919120789,0.09563426673412323,0.023119838908314705
i think that uc is very nice,neutral,positive,0.7373197078704834,0.021639592945575714,0.2410406917333603,0.7373197078704834
mis the original bbm,negative,negative,0.6200869679450989,0.6200869679450989,0.28872454166412354,0.091188445687294
new ui tanks usability,negative,positive,0.45548227429389954,0.14300507307052612,0.4015127122402191,0.45548227429389954
this app is so good,positive,positive,0.6153577566146851,0.04555413872003555,0.3390880823135376,0.6153577566146851
doesn't work on my htc droid eris!! can't open pdf attached emails. uninstalling!!,negative,negative,0.9385724067687988,0.9385724067687988,0.04863525554537773,0.012792270630598068
it's very good app for android mobile s,positive,positive,0.82447350025177,0.01972799003124237,0.15579853951931,0.82447350025177
temp is all wrong,neutral,negative,0.6857338547706604,0.6857338547706604,0.2365434318780899,0.07772272080183029
id's easy to use and very helpful,positive,positive,0.842602014541626,0.01720753312110901,0.14019045233726501,0.842602014541626
"it seems everytime we're about to get severe weather, the app stops working. radar doesn't work, storm tracking doesn't <url> most critical time for something to work is during or before a storm, such as we're supposed to get today. this app works great on bright, sunny <url> 't depend on it if a storm is brewing though. it will quit working on you.",neutral,negative,0.5925542116165161,0.5925542116165161,0.3343225121498108,0.07312331348657608
i guess its just the world i live in???,negative,neutral,0.5527231097221375,0.20359615981578827,0.5527231097221375,0.24368076026439667
just an idea. when editing/creating my bitmoji i think it'd be neat to have the option to mix and match parts of different outfits together or even change colours of parts.,positive,positive,0.5418446660041809,0.04481062293052673,0.41334468126296997,0.5418446660041809
app is good. no weather forecast is <url> very vague predictions.,positive,neutral,0.6169425249099731,0.07797340303659439,0.6169425249099731,0.30508407950401306
cannot attach pictures to reviews,neutral,neutral,0.4810352325439453,0.3745841681957245,0.4810352325439453,0.1443805992603302
great weather app! easy to use and quick to load. only wish it was easy to find a forecast video on it.,positive,positive,0.8633334636688232,0.024196289479732513,0.11247023195028305,0.8633334636688232
issue on local wifi,neutral,negative,0.46244102716445923,0.46244102716445923,0.3799116313457489,0.15764731168746948
i dont like this app,negative,negative,0.532666802406311,0.532666802406311,0.36534127593040466,0.10199189186096191
on the right track,positive,neutral,0.42741525173187256,0.19881397485733032,0.42741525173187256,0.37377074360847473
best app for browsing,positive,positive,0.8052090406417847,0.018689746037125587,0.17610126733779907,0.8052090406417847
needs a dark mode for the notification bar. hate the bright white glaring at me.,positive,negative,0.46678686141967773,0.46678686141967773,0.4234711527824402,0.1097419485449791
"good app, but it doesn't support gif in android",positive,neutral,0.6812276840209961,0.05239243060350418,0.6812276840209961,0.26637983322143555
<salutation> i tried to sign in and i gave my email and password and from u a email also came but what next to <url> tried to click check again and continue but nothing happened,positive,negative,0.8421311378479004,0.8421311378479004,0.12529256939888,0.03257628157734871
been using for several months now as a communication tool for various members of a nonprofit organization. it's only downfall that i can see are the occasional missed update alert and that there is no notification badge on the icon.,positive,neutral,0.48153531551361084,0.26479849219322205,0.48153531551361084,0.2536662518978119
works for what i need,positive,positive,0.67765873670578,0.06617173552513123,0.25616952776908875,0.67765873670578
it's saying it's not up to date so i can't view my file. -htc evo,neutral,negative,0.4857467710971832,0.4857467710971832,0.409023255109787,0.10523001849651337
when you know how to use it it's pretty fun and useful same with adobe photoshop touch i have a ton of fun with that but you just have to know how to use it or it will not be fun that's why people are reading it for star i read it <number> stars i love it but only because i know how to use it,positive,positive,0.7217260003089905,0.0341830849647522,0.2440909743309021,0.7217260003089905
best app ever ( my opinion),negative,positive,0.7850639820098877,0.038888413459062576,0.17604756355285645,0.7850639820098877
doesn't tie your account to gmail - so every new phone (or reflash) you have to retype <url>,negative,negative,0.6115237474441528,0.6115237474441528,0.31924623250961304,0.0692300796508789
great application for team collaboration,positive,positive,0.8471773862838745,0.03814804553985596,0.11467453837394714,0.8471773862838745
"crash easily,make my phone <url> its a great <url> u!",positive,positive,0.6298776865005493,0.0636354461312294,0.3064868748188019,0.6298776865005493
the menu bar above keyboard is annoying,positive,neutral,0.5162429213523865,0.3096650242805481,0.5162429213523865,0.17409202456474304
it's an essential tool.,positive,positive,0.8328218460083008,0.021822748705744743,0.14535541832447052,0.8328218460083008
this bbm doesnt work properly with the samsung notebook <number> . it is always showing limited bbm access. pls fix this,neutral,negative,0.7883448600769043,0.7883448600769043,0.18037450313568115,0.03128071129322052
"unless i open the app, i get no notifications even when my name is mentioned",negative,negative,0.5861838459968567,0.5861838459968567,0.3306783437728882,0.08313781768083572
it's good app but need more apps related chat process,positive,positive,0.49495142698287964,0.024865921586751938,0.4801826477050781,0.49495142698287964
"doesn't open all pdfs. i do a lot of work dealing with architectural plans. this does not render all of the pdfs (some open fine, others open blank).",negative,neutral,0.448000431060791,0.40890493988990784,0.448000431060791,0.14309464395046234
quick way to book a motel when you need too,neutral,positive,0.4901152551174164,0.057000868022441864,0.45288389921188354,0.4901152551174164
can get out of the app by home button and use your <url> timer runs in the <url>,neutral,neutral,0.5195642113685608,0.29417386651039124,0.5195642113685608,0.18626190721988678
"honestly a joke compared to the desktop version of lightroom. i have one of the most powerful phones in existence and this app can't even scroll without lagging. i reinstalled today, <number> months later to find not only has nothing changed but my trial has expired and i now need to pay to use a laggy gimped version of software i already own.",negative,negative,0.7463629841804504,0.7463629841804504,0.20167164504528046,0.05196535959839821
better for <url> !!!! you will try <url> !!!!,neutral,neutral,0.4103439152240753,0.2816462516784668,0.4103439152240753,0.30800989270210266
backup feature was awesome,positive,positive,0.5954404473304749,0.08337419480085373,0.3211854100227356,0.5954404473304749
amazing to use this one like superb,positive,positive,0.846915066242218,0.031278353184461594,0.12180660665035248,0.846915066242218
i can't post on any website.,neutral,negative,0.8037460446357727,0.8037460446357727,0.1616918444633484,0.034562114626169205
want some other features,neutral,neutral,0.5594589710235596,0.04541938751935959,0.5594589710235596,0.395121693611145
this app is not user friendly,neutral,negative,0.7283560037612915,0.7283560037612915,0.22745072841644287,0.04419330880045891
force closes <number> / <number> !,negative,negative,0.7798703908920288,0.7798703908920288,0.16717392206192017,0.05295564606785774
what a waste of this apps effort the image meta data are always show false info when export image to gallery,negative,negative,0.8893100023269653,0.8893100023269653,0.08775988221168518,0.022930052131414413
it's a nic app n helpful <url>,positive,positive,0.5438058972358704,0.06756062805652618,0.38863345980644226,0.5438058972358704
how to change time ??,neutral,neutral,0.45387324690818787,0.3225160241127014,0.45387324690818787,0.2236107736825943
it's ok but this new version is not so impressive,neutral,neutral,0.7388153076171875,0.049908194690942764,0.7388153076171875,0.21127650141716003
this is a good movie downloader,positive,positive,0.7589635252952576,0.023888302966952324,0.21714816987514496,0.7589635252952576
want my old avatar can't find it,negative,negative,0.5452257394790649,0.5452257394790649,0.3599616587162018,0.09481262415647507
best of pdf file app,positive,positive,0.7282208204269409,0.039482519030570984,0.2322966605424881,0.7282208204269409
i would have gave <number> stars if y'all had more cute outfits for the girls to wear that is seasonal appropriate,positive,positive,0.6998236179351807,0.04605705663561821,0.25411930680274963,0.6998236179351807
was ok but i can easily use other apps when i press home,negative,neutral,0.6823734045028687,0.08568132668733597,0.6823734045028687,0.2319452166557312
"useless. can't log in using the app at all. deleted and reinstalled several times, still no luck.",negative,negative,0.943647027015686,0.943647027015686,0.043395280838012695,0.0129576176404953
"easy to use, but if i plant a tree to grow and then leave the app it doesn't die. don't know if that's a bug in the app, but knowibg it won't die once i exit the app gives me no reason to stay focused",positive,neutral,0.6188552975654602,0.1763182133436203,0.6188552975654602,0.20482651889324188
cuts down on paper usage.,positive,negative,0.7086140513420105,0.7086140513420105,0.23235052824020386,0.05903543531894684
<salutation> then dropped it. and now the radar animation doesn't work.,negative,negative,0.9299970865249634,0.9299970865249634,0.055205538868904114,0.014797406271100044
"good idea, but too slow on android. much better on desktop.",negative,neutral,0.6067309975624084,0.04541127756237984,0.6067309975624084,0.3478577136993408
"like everything about it, except that the radar animation is a little clunky.",positive,positive,0.4973325729370117,0.033827342092990875,0.4688401520252228,0.4973325729370117
it's the king when it comes on downloading from internet i really appreciate it,positive,positive,0.8176042437553406,0.029247110709547997,0.15314866602420807,0.8176042437553406
"i'm using uc browser from many years and its was amazing but from the last update i got, it get <url> everytime i open new site, it shows an error everytime. please fix this.",neutral,neutral,0.5470962524414062,0.20813211798667908,0.5470962524414062,0.24477162957191467
cant install this app on my s <number> . error cant install in default location,negative,negative,0.8428026437759399,0.8428026437759399,0.13285043835639954,0.02434691973030567
needs to include precipitation estimates,neutral,neutral,0.5285233855247498,0.14955447614192963,0.5285233855247498,0.3219221234321594
new version is a step back,negative,neutral,0.3553239107131958,0.33077871799468994,0.3553239107131958,0.31389734148979187
great but watch little bug,neutral,positive,0.7580685019493103,0.02283111959695816,0.21910040080547333,0.7580685019493103
i love this app.,positive,positive,0.8186661005020142,0.05383332446217537,0.12750060856342316,0.8186661005020142
"love the idea, and as long as i didn't touch my phone notifications and such didn't ruin my progress. however if i try to exit out of the app (to use whitelisted apps like my calculator) then it 'killed' my trees.",neutral,positive,0.634761393070221,0.06816528737545013,0.29707327485084534,0.634761393070221
"my mom found this before i did! i'm <number> and even i like it. lol great for all ages. you can make it look just like you to every detail, many clothes and accessory choices, and when you want to send a text to somebody they basically have everything you might want to say to somebody in a text or to reply back to somebody in a text message. plus cute little emojis of yourself doing things.",positive,positive,0.847748339176178,0.024616533890366554,0.1276351511478424,0.847748339176178
ads ads ads everywhere,neutral,negative,0.6763233542442322,0.6763233542442322,0.24018871784210205,0.08348795771598816
has gotten a bit better since last review. i really like the lightning strike display. helps me with my lightning photos,neutral,positive,0.8262709379196167,0.022705040872097015,0.15102404356002808,0.8262709379196167
i really enjoy it,positive,positive,0.8005643486976624,0.025112558156251907,0.17432303726673126,0.8005643486976624
i rely on accurate radar as i work outside everyday on a golf course. the daily and the hourly forecast constantly contradict each other though now and it's hard to figure out what the actual weather will be so i can only really rely on radar.,positive,neutral,0.5273202657699585,0.16729487478733063,0.5273202657699585,0.30538487434387207
"i enjoyed it, but the app deleted all of my purchases, such as trees and sounds",neutral,positive,0.5345554351806641,0.0888572484254837,0.3765873908996582,0.5345554351806641
so far it's good,positive,positive,0.5772673487663269,0.020027372986078262,0.40270522236824036,0.5772673487663269
would like some custom messages when trees are planted,positive,positive,0.6591427326202393,0.024990417063236237,0.3158668577671051,0.6591427326202393
used to be good,negative,negative,0.7073445320129395,0.7073445320129395,0.22631627321243286,0.06633922457695007
make category select bradcast message!,neutral,neutral,0.3626053035259247,0.31773436069488525,0.3626053035259247,0.31966036558151245
causes allot of problems will change dates etc when making a booking. prob better off staying with web page.,negative,neutral,0.5343261361122131,0.3290725648403168,0.5343261361122131,0.1366013139486313
reflow feature quirky. can't somehow help feeling suspicious it is bugridden inside.,negative,neutral,0.6156281232833862,0.1812620609998703,0.6156281232833862,0.20310983061790466
i don't <url> i can't understand this appp,neutral,negative,0.7354888916015625,0.7354888916015625,0.2085324376821518,0.055978670716285706
crashes on galaxy s,negative,negative,0.6641780138015747,0.6641780138015747,0.2530263066291809,0.0827956348657608
force closes all the time. from a company with a good to great rep. i had expected better,negative,neutral,0.4623912572860718,0.3348599970340729,0.4623912572860718,0.20274874567985535
great <url> ruined with ads,neutral,negative,0.5067975521087646,0.5067975521087646,0.28618350625038147,0.20701898634433746
worst experience at hotel,negative,negative,0.9302884340286255,0.9302884340286255,0.05363618582487106,0.016075406223535538
heating and battery problem,neutral,neutral,0.4507932960987091,0.43027418851852417,0.4507932960987091,0.11893247812986374
fed up with advertisements. oh my gosh. cannot tolerate this application anymore,negative,negative,0.8502566814422607,0.8502566814422607,0.12299124151468277,0.026752036064863205
this is the fastest app searching mode,positive,positive,0.5319812893867493,0.11196243762969971,0.35605624318122864,0.5319812893867493
"nice app for managing ongoing projects, teams, groups.",positive,positive,0.8675369620323181,0.020693451166152954,0.11176960915327072,0.8675369620323181
is not allways up to date with current weather.,positive,neutral,0.5359882116317749,0.30624666810035706,0.5359882116317749,0.15776513516902924
realy superrrr <url> saver app,positive,neutral,0.3701076805591583,0.29456859827041626,0.3701076805591583,0.3353237211704254
<number> day trial? and then creative cloud?,negative,negative,0.7503301501274109,0.7503301501274109,0.18254636228084564,0.06712349504232407
the print button keeps shutting itself down,positive,negative,0.5047101974487305,0.5047101974487305,0.38918450474739075,0.10610528290271759
average performance in download,neutral,positive,0.4629323482513428,0.13355964422225952,0.4035080373287201,0.4629323482513428
animation on radar stopped,negative,negative,0.5399504899978638,0.5399504899978638,0.3154311776161194,0.14461837708950043
"so far so good. surfing is made enjoyably interesting, thumb ups.",positive,positive,0.8337486982345581,0.021127350628376007,0.14512397348880768,0.8337486982345581
bbm sucks on my galaxy s <number> mini .,negative,negative,0.9133250117301941,0.9133250117301941,0.06712274998426437,0.01955225318670273
what did i download?,negative,negative,0.7470698952674866,0.7470698952674866,0.1980944275856018,0.05483568459749222
my favourite editing apl,positive,positive,0.7432462573051453,0.05950061231851578,0.19725312292575836,0.7432462573051453
so easy to use and appropriate advice,positive,positive,0.8280572295188904,0.01943507231771946,0.1525077372789383,0.8280572295188904
doesn't work properly.,negative,negative,0.9214395880699158,0.9214395880699158,0.06438480317592621,0.014175605960190296
"generally good, sometimes price filter doesn't work well.",positive,neutral,0.5045390725135803,0.026858476921916008,0.5045390725135803,0.46860238909721375
love this app pretty accurate,positive,positive,0.8564985990524292,0.026053456589579582,0.11744797974824905,0.8564985990524292
as much as <number> degrees off!,negative,negative,0.4467114210128784,0.4467114210128784,0.35720816254615784,0.19608032703399658
used to be good,negative,negative,0.7073445320129395,0.7073445320129395,0.22631627321243286,0.06633922457695007
"this app helps me be productive, but since the update, i can't plant the trees i had previously bought.",positive,positive,0.501196563243866,0.04285534843802452,0.4559481143951416,0.501196563243866
dell streak:force close sometimes. blank pages sometimes. need bookmark feature and ability to continue from last read page.,neutral,neutral,0.57210373878479,0.29160431027412415,0.57210373878479,0.13629195094108582
"if your in a hurry, i'd recomed calling, it takes a wile to fill out the information.",neutral,neutral,0.5656692385673523,0.16044962406158447,0.5656692385673523,0.27388113737106323
good but not good as web version,positive,neutral,0.6667448282241821,0.09059210866689682,0.6667448282241821,0.24266304075717926
problems working over wi-fi,negative,negative,0.5345706939697266,0.5345706939697266,0.38953864574432373,0.07589064538478851
it's ads all the way,negative,neutral,0.43330657482147217,0.25028660893440247,0.43330657482147217,0.31640681624412537
no password support <url>,negative,negative,0.6474769711494446,0.6474769711494446,0.28946584463119507,0.06305716931819916
"good, but not perfect",neutral,neutral,0.6617876887321472,0.047945018857717514,0.6617876887321472,0.2902672290802002
i wish it would work offline,positive,positive,0.5445623993873596,0.03590714931488037,0.4195304214954376,0.5445623993873596
cloud based apps do not work for me. with pathetic network services in our region it becomes frustrating to use. pity. will have to uninstall,negative,negative,0.8993671536445618,0.8993671536445618,0.08322393894195557,0.017408937215805054
"so disappointed with this app! why would you delete an entire account without any warnings? see i'm not mad that you deleted my account because i had iran's ip address, i'm mad because you didn't even bothered to give me a chance to take back up of my files! do you understand how unprofessional this is? so disappointed!",negative,negative,0.8870313763618469,0.8870313763618469,0.09153056889772415,0.021437954157590866
this app is good,positive,positive,0.654350996017456,0.022696642205119133,0.32295241951942444,0.654350996017456
"slow, laggy performance. thinkfree office opens my pdfs and allows smooth transitions and zooming.",negative,neutral,0.609017014503479,0.24700629711151123,0.609017014503479,0.14397665858268738
since the update the radar doesn't work <url>,negative,negative,0.7838658094406128,0.7838658094406128,0.1813299059867859,0.03480428829789162
"like the app, but could you please remove the external storage permission when i want to take a picture? i don't like granting apps dangerous permissions and i know you don't need it if you use the file provider api. <signature>",negative,neutral,0.5734992027282715,0.07989710569381714,0.5734992027282715,0.346603661775589
there is no print option i can find.,neutral,negative,0.4809495806694031,0.4809495806694031,0.40857407450675964,0.1104763075709343
<url> the picture size on bbm group is too small sometime not clear. also incoming bbm call is not detected or not showed in galaxy gear s <number>,positive,neutral,0.5020204782485962,0.32437214255332947,0.5020204782485962,0.17360737919807434
got stuck on trying to confirm my booking and i lost the accommodation. after that force crash. uninstall. htc desire,negative,negative,0.927428662776947,0.927428662776947,0.057943038642406464,0.01462831161916256
please fix the radar,negative,neutral,0.4250457286834717,0.38030707836151123,0.4250457286834717,0.19464720785617828
"good adjustment, bad storage",neutral,neutral,0.6270474195480347,0.23699095845222473,0.6270474195480347,0.1359616219997406
coming from adobe this is absolute garbage. fails to open pdf files. it was only <number> kb. garbage.,negative,negative,0.9391100406646729,0.9391100406646729,0.04755903407931328,0.013331008143723011
after i updated the new bbm version always getting <url> sometime the messages pending without ceklis my friend send in the morning but the messages coming after <number> or <number> hour <url> i saw on the messages the time when he send me a messages and this made my planning <url> should i didn't upgraded <url>,negative,negative,0.4491259455680847,0.4491259455680847,0.41672104597091675,0.13415297865867615
new update ruined the app,negative,negative,0.9138723611831665,0.9138723611831665,0.06641998887062073,0.01970767416059971
a widget would be nice,positive,positive,0.59958815574646,0.02518044412136078,0.37523141503334045,0.59958815574646
there are ads now?,neutral,negative,0.5145275592803955,0.5145275592803955,0.3521660566329956,0.1333063840866089
difficult when on vacation,positive,neutral,0.5979079604148865,0.11433037370443344,0.5979079604148865,0.28776171803474426
notifications are bonkers. (will give <number> once fixed),negative,neutral,0.4322563111782074,0.41759657859802246,0.4322563111782074,0.15014716982841492
can't add new locations,neutral,neutral,0.5326789021492004,0.30861714482307434,0.5326789021492004,0.1587039828300476
nice tool for inter-team communication,positive,positive,0.845595121383667,0.022562528029084206,0.13184238970279694,0.845595121383667
it's download video very fast and all other thing,positive,positive,0.6207590103149414,0.054529719054698944,0.32471126317977905,0.6207590103149414
"veru useful app only when used with its <number> rd-party integrations, yet flock is much better alternative for having more free features.",positive,neutral,0.5045197010040283,0.0721561387181282,0.5045197010040283,0.42332419753074646
doesn't <url> i'll go on other apps and the tree still <url> little i inventive to actually stay off the phone,negative,negative,0.5421519875526428,0.5421519875526428,0.3794940412044525,0.07835402339696884
"when ever i update app,it won't work and i lost my all data many times",negative,negative,0.8946591019630432,0.8946591019630432,0.08561287075281143,0.01972801983356476
doesn't work much! where's the <number> version???,negative,negative,0.8781932592391968,0.8781932592391968,0.10435178875923157,0.01745501533150673
nice app fast downloading,positive,positive,0.8211848139762878,0.021192001178860664,0.15762321650981903,0.8211848139762878
"the app is great, it's fun and helpful, tho when you click the home button, it doesn't die. you could fix that",positive,positive,0.7824551463127136,0.02384256012737751,0.19370223581790924,0.7824551463127136
"easy to use, always <url> when you book thrue them, they will charge you too much.",neutral,positive,0.7682378888130188,0.029001815244555473,0.202760249376297,0.7682378888130188
there is no jump to page option so you have to flip through every single page! its a big waste of time.,negative,negative,0.8923442363739014,0.8923442363739014,0.08834928274154663,0.019306497648358345
great and easy to use,positive,positive,0.8597930669784546,0.03232323378324509,0.10788366943597794,0.8597930669784546
"cloud subscription, no <signature>",negative,negative,0.8295109868049622,0.8295109868049622,0.13949017226696014,0.030998852103948593
great app to focus!,positive,positive,0.828752338886261,0.04813322424888611,0.12311442196369171,0.828752338886261
pay when you arrive. err no,neutral,negative,0.6758186221122742,0.6758186221122742,0.2627311944961548,0.06145021319389343
great apps for great team,positive,positive,0.8318250775337219,0.04652240872383118,0.12165249139070511,0.8318250775337219
i like the appl because it connect me to a lot of people in my office,positive,positive,0.8367948532104492,0.02138630487024784,0.14181888103485107,0.8367948532104492
can't open my bbm after updated,negative,negative,0.8111459016799927,0.8111459016799927,0.15876568853855133,0.030088426545262337
cannot use for flash <url>,neutral,negative,0.5606405138969421,0.5606405138969421,0.36429503560066223,0.07506447285413742
won't work with my text messages and have to start a new conversation to use it in messenger,neutral,negative,0.9316127300262451,0.9316127300262451,0.05585643649101257,0.012530887499451637
it crashes every time,positive,negative,0.6634956002235413,0.6634956002235413,0.2628251314163208,0.07367927581071854
great app for group family communication across multiple types of devices and countries,positive,positive,0.8536855578422546,0.04062531515955925,0.10568909347057343,0.8536855578422546
it was great radar sucks now,negative,negative,0.7672920227050781,0.7672920227050781,0.17292571067810059,0.05978226289153099
missing a tablet version,neutral,neutral,0.48664847016334534,0.37949198484420776,0.48664847016334534,0.1338595151901245
the browser is used very fast connecting browser,positive,positive,0.5046055912971497,0.1466832309961319,0.34871116280555725,0.5046055912971497
i want a etc wallet that's all i want to invest <url>,negative,neutral,0.43217766284942627,0.20487648248672485,0.43217766284942627,0.3629457950592041
not so much but good,positive,neutral,0.6561806797981262,0.05920305475592613,0.6561806797981262,0.28461629152297974
well the app is kinda <url>,positive,neutral,0.516340970993042,0.10428690165281296,0.516340970993042,0.37937211990356445
the program is very slow and can be unresponsive. there is no bookmake setting. pages take a very long time to load even when zooming in and out.,negative,neutral,0.5054688453674316,0.37577900290489197,0.5054688453674316,0.11875215917825699
totally invasive and inappropriate for development. it kept people talking for every detail for hours. kill innovation and efficiency. cannot replace skype so another chat cheater. a waist of time in communication. one good point if you can make your competitors to use it. they will collapse.,negative,negative,0.9037773013114929,0.9037773013114929,0.07680400460958481,0.01941869407892227
i love it. but i think it would be better to add angle correction as well is needed sometimes and i don't like having to use other apps to do this.,neutral,positive,0.767780601978302,0.025875110179185867,0.20634427666664124,0.767780601978302
the emoticon not <url> :'(,neutral,neutral,0.42613548040390015,0.3734165132045746,0.42613548040390015,0.20044803619384766
good app. had full version but they took it away. would like it back. radar not working. layers are not working. must be a weather bug.,neutral,neutral,0.6254887580871582,0.19319240748882294,0.6254887580871582,0.18131887912750244
can't import my booking? what's the point of getting this app? anyone?,negative,negative,0.7407873868942261,0.7407873868942261,0.21003864705562592,0.0491739846765995
"the app sometimes gets stuck on a certain temperature and you have to actually click on the app to get the correct temperature to pop up, but at least with this app i can actually get the <number> -day and hourly forecast pages to load which is something i can't get with accuweather. so i guess what i'm saying is it's probably the <signature>",positive,neutral,0.6037161350250244,0.16142192482948303,0.6037161350250244,0.23486196994781494
"great, but occasionally crashes",positive,positive,0.8054556250572205,0.0249705258756876,0.1695738434791565,0.8054556250572205
"crap, takes ages to loads and lags on all docs, standard pdf viewer much better",negative,negative,0.8172013759613037,0.8172013759613037,0.14723461866378784,0.03556397929787636
it stops working frequently,neutral,negative,0.6677918434143066,0.6677918434143066,0.2688504457473755,0.06335771828889847
like it more than most weather apps i've tried. would recommend!,positive,positive,0.8183218836784363,0.019646797329187393,0.162031352519989,0.8183218836784363
stupid trees. too much green. too cute. memory hog. deleted it.,negative,negative,0.8867976069450378,0.8867976069450378,0.08993662148714066,0.023265736177563667
plz add readout loud feature in application,positive,neutral,0.42901599407196045,0.14790897071361542,0.42901599407196045,0.42307499051094055
"give error, stuck onopening",negative,negative,0.7155724763870239,0.7155724763870239,0.23139752447605133,0.053029950708150864
the radar map only shows past not current,neutral,negative,0.4167150855064392,0.4167150855064392,0.39884236454963684,0.18444252014160156
"the worst, the most bugged app that i've ever seen in my life! always crashing for no reason!",negative,negative,0.9220855832099915,0.9220855832099915,0.05750202015042305,0.02041241154074669
this does not work with my phone i exited the app for ages and my tree still grew.,negative,negative,0.9156771302223206,0.9156771302223206,0.06974780559539795,0.014575112611055374
the application is too slow. sometimes it just wont select the options.,neutral,neutral,0.6474728584289551,0.17334626615047455,0.6474728584289551,0.17918087542057037
useless doesn't open email attachments on lg optimus,negative,negative,0.8893411159515381,0.8893411159515381,0.08818818628787994,0.02247072011232376
its a very good app,positive,positive,0.8241976499557495,0.019733918830752373,0.15606842935085297,0.8241976499557495
good up to date service,neutral,positive,0.8054340481758118,0.020349586382508278,0.17421630024909973,0.8054340481758118
luv it but u should allow us <number> make more than one character then i'll give u <number>  's,neutral,neutral,0.6274570226669312,0.10907886922359467,0.6274570226669312,0.263464093208313
"app does what it has to do, but would it be possible to implement a harder way to cancel the growth of your tree? now it takes about <number> seconds. you could make another cancel button which you have to press for <number> minute without releasing it to unlock your phone. gives you time to think if you really need to unlock it. <signature>",neutral,neutral,0.588410496711731,0.23216350376605988,0.588410496711731,0.17942598462104797
need full raw hdr for lg v <number> !!!,neutral,neutral,0.4556727409362793,0.28879767656326294,0.4556727409362793,0.25552958250045776
it wont even let me log in!!!,negative,negative,0.9328517913818359,0.9328517913818359,0.05345587432384491,0.013692379929125309
wouldn't search any locations.,negative,negative,0.7274202108383179,0.7274202108383179,0.21518826484680176,0.05739150568842888
new version is not intuitive.,negative,neutral,0.44907212257385254,0.31674423813819885,0.44907212257385254,0.23418360948562622
image previews don't work,positive,negative,0.84034663438797,0.84034663438797,0.1358788013458252,0.02377452328801155
"its great, just too many ads",positive,positive,0.7706271409988403,0.032360855489969254,0.1970120221376419,0.7706271409988403
radar has stopped working,negative,negative,0.8002707958221436,0.8002707958221436,0.15547868609428406,0.044250499457120895
has been treating me well for years,positive,positive,0.5191671252250671,0.12769639492034912,0.35313647985458374,0.5191671252250671
animated radar not working,negative,negative,0.8179696798324585,0.8179696798324585,0.15215939283370972,0.02987084910273552
problems with internet connection s <number> edge,neutral,negative,0.4506978392601013,0.4506978392601013,0.4351392388343811,0.11416290700435638
"another login and account needed, mediocre editing",negative,negative,0.5432823300361633,0.5432823300361633,0.36629584431648254,0.09042176604270935
i need a tab for news language i don't want it to be default for the place i live in my native language may be different. please look into it,positive,neutral,0.5327056646347046,0.12113688886165619,0.5327056646347046,0.3461574614048004
"idea is nice, <url>",neutral,positive,0.5486983060836792,0.030439427122473717,0.4208622872829437,0.5486983060836792
useless and hang in itself,negative,negative,0.9302013516426086,0.9302013516426086,0.05135960131883621,0.01843896135687828
lagging on nvidia shield tablet,neutral,neutral,0.5058931112289429,0.3486466109752655,0.5058931112289429,0.14546024799346924
less taps &gt; more taps is not always true! this update clutters up the mobile app and looks horrible! bring back the drop down menu.,positive,negative,0.8996975421905518,0.8996975421905518,0.08005424588918686,0.020248260349035263
great mobile app for a great platform,positive,positive,0.8303635120391846,0.04872008040547371,0.12091641128063202,0.8303635120391846
easiest way to keep all my accommodation details with me when i travel.,positive,positive,0.640925943851471,0.0331326499581337,0.3259413540363312,0.640925943851471
"there is no way to search or jump to the pages i want. so, in a <number> page document, i have to page down until i get to where i want. very poor!",neutral,negative,0.9256846308708191,0.9256846308708191,0.0594845786690712,0.014830747619271278
crashes on z <number> compact,neutral,negative,0.7238561511039734,0.7238561511039734,0.21456483006477356,0.06157903000712395
"can't delete any of the pdf files! someone ,help mytouch <number> g",neutral,negative,0.4607909917831421,0.4607909917831421,0.41310039162635803,0.12610864639282227
somethings wrong with this app,positive,negative,0.55929034948349,0.55929034948349,0.3641214966773987,0.07658817619085312
well organized app. offers better deals than the hotel itself.,positive,positive,0.8263077139854431,0.02494509518146515,0.14874720573425293,0.8263077139854431
faster than other app,positive,positive,0.5374242663383484,0.08660950511693954,0.3759661912918091,0.5374242663383484
"decent, but needs ability to define custom notification sound. the built-in ones are too quiet and the 'device default' is too general.",positive,neutral,0.6364353895187378,0.043746065348386765,0.6364353895187378,0.31981849670410156
"if you have difficulties staying focussed, then this is definitely the app for you. as trivial as it sounds, there's a real sense of satisfaction in seeing your forest grow the more time you log. the only thing i would say which could be added is social email support or facebook integration, which i believe is already a feature on the ios version. some of my friends are using it too, and seeing their forests grow (perhaps even on some kind of map next to mine?) would add an element of healthy competition!",positive,positive,0.5911391377449036,0.06292951852083206,0.3459313213825226,0.5911391377449036
would be better with out ads,positive,neutral,0.5186686515808105,0.04838951677083969,0.5186686515808105,0.43294185400009155
<number> star 'coz why we have to request hd quality picture first? oh <url> nobody need bad quality picture. washing <url> another chat app more better !!,neutral,negative,0.5527493953704834,0.5527493953704834,0.34607943892478943,0.10117112845182419
"my screen goes off, but when i unlock my phone, my tree dies. makes the app pointless as it forces me to keep the screen on which is distracting. great concept though.",neutral,neutral,0.5261753797531128,0.21295809745788574,0.5261753797531128,0.26086652278900146
it will be better if the apps allow users to listen music while studying or doing their things,positive,positive,0.5600963234901428,0.02892342582345009,0.4109802544116974,0.5600963234901428
the app is free on android but why can't i use my new unlocked tree?!,negative,negative,0.4341549277305603,0.4341549277305603,0.41811999678611755,0.14772504568099976
"not ideal, but better than a few other ""freeware"" options there with lots of adds or crappy ui.",positive,neutral,0.7015533447265625,0.1019827350974083,0.7015533447265625,0.1964639574289322
add break or pause option plz,positive,neutral,0.49504682421684265,0.1686711311340332,0.49504682421684265,0.33628204464912415
good effort <url> try to send correct notification of the news or story.,positive,positive,0.7473883628845215,0.026191947981715202,0.22641965746879578,0.7473883628845215
doesn't work keeps saying bad internet connection but all other apps work.,negative,negative,0.8148985505104065,0.8148985505104065,0.15356819331645966,0.03153326362371445
did not install this app. all i did was update my phone and it was there and i can delete it! very annoying!!!,negative,negative,0.9270845055580139,0.9270845055580139,0.05854984372854233,0.01436570379883051
last updates causing problems.,neutral,negative,0.45824283361434937,0.45824283361434937,0.43438079953193665,0.1073763445019722
"stupid app many many ads ,don't download this app",negative,negative,0.9249513149261475,0.9249513149261475,0.05970529839396477,0.01534337643533945
too much buz for nothing so special.,negative,neutral,0.46098294854164124,0.19853505492210388,0.46098294854164124,0.3404819965362549
simple but effective app to end smartphone addiction,positive,positive,0.7949075102806091,0.018657678738236427,0.18643486499786377,0.7949075102806091
technology at its <signature>,positive,positive,0.3925497829914093,0.2800339162349701,0.3274163007736206,0.3925497829914093
"editing is all about precision, of which this isn't good at. trying to crop is like throwing stones at a picture frame on a wall and hoping it sticks. when you get it you accidently press another button and all the work is <url> still needs some refining",neutral,neutral,0.6182776093482971,0.18989233672618866,0.6182776093482971,0.1918300986289978
used to love <url>,neutral,negative,0.73133385181427,0.73133385181427,0.20426194369792938,0.0644041895866394
bbm is really gud,positive,neutral,0.372660368680954,0.34538257122039795,0.372660368680954,0.28195708990097046
still a good app,neutral,positive,0.6821556091308594,0.023747149854898453,0.29409727454185486,0.6821556091308594
"looks nice but the live radar always zooms in to close, i like to see the entire area around my location.",positive,positive,0.7265011668205261,0.018909528851509094,0.25458934903144836,0.7265011668205261
creeping permissions. no <signature>,negative,negative,0.8651179671287537,0.8651179671287537,0.10964581370353699,0.025236165151000023
don't expect to be productive on the tube,negative,neutral,0.4376644790172577,0.40934666991233826,0.4376644790172577,0.15298888087272644
huge apo. does not have move to sd card. standard reader v. good. uninstalling.,negative,negative,0.9153064489364624,0.9153064489364624,0.06658224761486053,0.018111271783709526
too many push and price not clear,neutral,neutral,0.4665394127368927,0.3647037148475647,0.4665394127368927,0.16875684261322021
great app but updated the app but the bug is still there where the animation plays without accessing the app so you have to tap screen to gain access to home screen. that bug has been there forever please fix!,neutral,positive,0.5315093398094177,0.1055760458111763,0.36291465163230896,0.5315093398094177
like it but need better notification settings,positive,neutral,0.5692944526672363,0.031196635216474533,0.5692944526672363,0.3995090126991272
being a motorcycling enthusiast i like to know where the rain is and what direction it's heading.,positive,positive,0.8112409710884094,0.031614966690540314,0.15714402496814728,0.8112409710884094
radar no longer works,negative,negative,0.9265611171722412,0.9265611171722412,0.0580415241420269,0.015397367998957634
why i cannot play my download video?,neutral,neutral,0.4370158612728119,0.4353497326374054,0.4370158612728119,0.12763437628746033
as an alternative in contacting people,positive,positive,0.6029180288314819,0.0803571566939354,0.31672489643096924,0.6029180288314819
crashes all the time tells you there is no memory even on sd card. won't let you use if you decline push notifications,negative,negative,0.8050848841667175,0.8050848841667175,0.16277121007442474,0.032143887132406235
what's the point?,negative,negative,0.6607281565666199,0.6607281565666199,0.2808476984500885,0.05842413753271103
"i used to really love this browser but now it's just annoying .when i download files sometimes it tells me ""file doesn't exist"" and i have to redownload ,plus it lags .",negative,negative,0.45648014545440674,0.45648014545440674,0.44593536853790283,0.09758449345827103
its good but i think it should add like fortnite emojis or other characters,positive,positive,0.5398593544960022,0.020710626617074013,0.43942999839782715,0.5398593544960022
its good but now a days it slow,neutral,neutral,0.630384624004364,0.028780881315469742,0.630384624004364,0.34083449840545654
"the emojis you can make out of it are great! however, it would be nice to implement the character doing different kinds of sports. also the app didn't have my face shape, hairstyle, and the mouth was too big for me. basically i had to go with what i could find that looked the most like me, and a bunch of people still thought that the bitmoji looked nothing like me. something else i'd like to add is that maybe for the female character, put some outfits that are t-shirts and moderate shorts, not just short shorts. i couldn't find my usual attire because of that. overall, my bitmoji only looks a bit like me so if you guys can change the face, costumes, and facial features to let more people have an accurate character, it'd be great. <signature>",positive,positive,0.6126697063446045,0.03766285255551338,0.34966742992401123,0.6126697063446045
throw this app to garbage,negative,negative,0.9003917574882507,0.9003917574882507,0.07381054013967514,0.025797612965106964
very nice and helpful <url> luving <url>,positive,positive,0.8427876830101013,0.02214748039841652,0.13506484031677246,0.8427876830101013
it will be better if there will be option to archive a chat,positive,neutral,0.5792324542999268,0.039789795875549316,0.5792324542999268,0.38097769021987915
requesting to build a bigger forest!,positive,negative,0.569176435470581,0.569176435470581,0.2993248403072357,0.13149870932102203
stop the stupid ads,negative,negative,0.7544172406196594,0.7544172406196594,0.17400377988815308,0.07157902419567108
spark lightening no longer working,neutral,negative,0.828522801399231,0.828522801399231,0.14132843911647797,0.030148744583129883
"slowly slowly you are making it worst app but it's your app you can do anything after all you are communist. see i don't like your inbuilt pdf viewer,video viewer app so allow user to use apps like adobe pdf reader and mx <url> and the new problem is the facebook video is not working <url> earlier i have given <number> star rating but now you are decreasing quality <url>",negative,negative,0.4682316482067108,0.4682316482067108,0.4155517518520355,0.11621668934822083
doesn't export my photos most of the time,neutral,neutral,0.4626903831958771,0.39208880066871643,0.4626903831958771,0.1452208310365677
still need to improve,positive,neutral,0.5365581512451172,0.1241401880979538,0.5365581512451172,0.3393016457557678
no philippine peso currency?,neutral,negative,0.6831064820289612,0.6831064820289612,0.2529372274875641,0.06395631283521652
"i downloaded this app specifically to merge photos together on my backpacking adventures whilst eliminating the need for a laptop. sadly, it does not have the function to merge photos for panoramic or hdr.",neutral,negative,0.4293286204338074,0.4293286204338074,0.4235367476940155,0.14713461697101593
"pretty effective but i just noticed it doesn't pick up the usage of one of my most distracting apps (bacon reader for reddit). i was on it and thought oh no my tree! opened up to find it wasn't triggered. double checked my white list etc, everything was proper. if it doesn't block that it becomes pretty useless in my eyes",positive,neutral,0.5193639993667603,0.07204283028841019,0.5193639993667603,0.40859317779541016
"awesome app. it would be sooo useful to have one button access to the lastest posts accross all channels and all workgroups, i find im spending much time digging around for the latest posts.",positive,positive,0.8546938896179199,0.02593105100095272,0.11937505006790161,0.8546938896179199
its good and so easy to use,positive,positive,0.8049066066741943,0.015783891081809998,0.17930950224399567,0.8049066066741943
this isn't as good as it's siblings,negative,neutral,0.5166715979576111,0.37050339579582214,0.5166715979576111,0.11282500624656677
app is good service,neutral,positive,0.7215724587440491,0.024321265518665314,0.2541063129901886,0.7215724587440491
app thinks i am a man :'),negative,neutral,0.3961206078529358,0.33883774280548096,0.3961206078529358,0.26504167914390564
will not work correctly. i tryed to set the map in motion and it will not move!,negative,negative,0.9053440093994141,0.9053440093994141,0.07864674180746078,0.016009237617254257
super cute but kind of difficult to use on the spot.,positive,positive,0.5624250769615173,0.032181426882743835,0.40539348125457764,0.5624250769615173
"nice, but couldn't find night mode.",positive,positive,0.5440446138381958,0.026195455342531204,0.4297599494457245,0.5440446138381958
"insanely unreliable - wont let me accept invites to other workspaces nor will this application even show me the invite - login inconsistency, i can auto-login with the app but when i type my password in non-app login screens it wont work. its the same password i use for other applications and i successfully login each time.",negative,negative,0.8407167792320251,0.8407167792320251,0.13249251246452332,0.026790780946612358
cant search without creating an account! they need your email so the can sell it to spammers! unistall!,negative,negative,0.9136163592338562,0.9136163592338562,0.07127202302217484,0.015111611224710941
only good not <signature>,neutral,neutral,0.5539020895957947,0.16157788038253784,0.5539020895957947,0.2845200002193451
it is a waste app and waste of time. it is only useful for downloading the movies,positive,negative,0.8940319418907166,0.8940319418907166,0.08424551039934158,0.0217224583029747
it's fast and i can always use it to download,positive,positive,0.7243266105651855,0.024049682542681694,0.2516237497329712,0.7243266105651855
have to use and see,neutral,neutral,0.4775600731372833,0.1685720682144165,0.4775600731372833,0.35386791825294495
good but some issues,positive,neutral,0.5920199751853943,0.027465282008051872,0.5920199751853943,0.3805147409439087
plz see sex movies it's nice in this,neutral,positive,0.5812814235687256,0.03142041712999344,0.38729819655418396,0.5812814235687256
wont open. it always crashes and my phone reports it having multiple errors in <number> week,negative,negative,0.8715109825134277,0.8715109825134277,0.10635454952716827,0.022134428843855858
fcs on a <number> page pdf. really?! even on my stock evo that's awesome? this reminds me of flash player on my laptop- always causing problems. adobe = crap,negative,negative,0.731192409992218,0.731192409992218,0.20908604562282562,0.059721529483795166
"the worst app ever can't download a single <url> my downloads have been ""unsuccessful""",negative,negative,0.9405028223991394,0.9405028223991394,0.04441569000482559,0.015081512741744518
needs text search and in-document link support.,neutral,neutral,0.55988609790802,0.088381327688694,0.55988609790802,0.35173261165618896
it's a great app. love it and good job,neutral,positive,0.8662383556365967,0.02504178322851658,0.10871989279985428,0.8662383556365967
"sometimes wonky when on wifi, but that could be internet connection issue. also wants to have high accuracy location on which will drain your phone quickly.",neutral,neutral,0.6304248571395874,0.19461539387702942,0.6304248571395874,0.17495977878570557
why am i now seeing ads? lame!,negative,negative,0.903780460357666,0.903780460357666,0.07792311161756516,0.01829645037651062
you had one job,positive,negative,0.49373576045036316,0.49373576045036316,0.3120589554309845,0.19420522451400757
"it would be nice if there was an option to record voice messages.    nuisance: when i press 'backwards' in my android, i am thrown out of the app, instead of going backwards to the messages list.    nuisance: i don't see a list of last messaged people in chronological order but randomly. this drives me <url>",neutral,neutral,0.6014663577079773,0.09989353269338608,0.6014663577079773,0.29864010214805603
not replacement for the desktop app,neutral,neutral,0.4500787854194641,0.31698107719421387,0.4500787854194641,0.23294015228748322
great app to communicate with family and friends.,positive,positive,0.8568248152732849,0.03709086403250694,0.10608429461717606,0.8568248152732849
best chat application ever,neutral,positive,0.7960495948791504,0.03910716250538826,0.16484332084655762,0.7960495948791504
good app bt needs new features,neutral,positive,0.6063458323478699,0.03427452594041824,0.3593796193599701,0.6063458323478699
it requires access permission n i dont know from where to turn on so can u plz tell m!!,neutral,negative,0.6866382956504822,0.6866382956504822,0.261069118976593,0.05229257792234421
uffff!!!! plzz don't downloaded this,negative,negative,0.8251721858978271,0.8251721858978271,0.13522808253765106,0.0395997129380703
good <url> lacks some essential features,positive,neutral,0.6544566750526428,0.04486323520541191,0.6544566750526428,0.30068010091781616
"the app is ok but the camera should no have any sound when you take photos, that problem is quite annoying",neutral,neutral,0.7256824970245361,0.06215283274650574,0.7256824970245361,0.21216464042663574
installation corrupts gmail db on n <number> android <number> . <number>,negative,negative,0.8910123705863953,0.8910123705863953,0.0862550362944603,0.022732548415660858
i think it's a great start app!,positive,positive,0.8151612281799316,0.02539132721722126,0.15944746136665344,0.8151612281799316
radar has been freezing and not moving for last month. deleted it after all this time. pos!!!,negative,negative,0.9089163541793823,0.9089163541793823,0.07432709634304047,0.01675650291144848
ok till it goes wrong,neutral,neutral,0.6656544208526611,0.1178034171462059,0.6656544208526611,0.2165420949459076
i rely on weatherbug every day.,positive,positive,0.4776628613471985,0.11261498183012009,0.40972208976745605,0.4776628613471985
"love this app, especially the lightening strike tracker.",positive,positive,0.8628627061843872,0.026009894907474518,0.11112738400697708,0.8628627061843872
there's still more to it.,positive,neutral,0.5199169516563416,0.21670804917812347,0.5199169516563416,0.2633749842643738
very basic and subscription based,negative,positive,0.7624591588973999,0.04831399768590927,0.18922682106494904,0.7624591588973999
no words great app,positive,negative,0.4177790880203247,0.4177790880203247,0.3785187304019928,0.20370209217071533
"im not use as well, i think it is bad application, i dont like.",negative,negative,0.5585897564888,0.5585897564888,0.3654744327068329,0.07593578100204468
keeps saying photos not found whwn trying to send/ attach to people. using a note <number> <url> its not <url> it <url> pwrfect for what application i needed it for. will try again when i get new phone in a couple weeks.,negative,negative,0.606266975402832,0.606266975402832,0.32669493556022644,0.06703808903694153
helpful for book reading,positive,positive,0.8260425329208374,0.020994242280721664,0.1529632806777954,0.8260425329208374
sometimes slow but yet efficient.,positive,neutral,0.5139907598495483,0.04123445227742195,0.5139907598495483,0.4447747766971588
for some reason the keyboard doesn't work on my phone. and i can't do couple's bitmojis with my wife. but it's fun to use with her anyhow,positive,neutral,0.5324558019638062,0.03988433629274368,0.5324558019638062,0.4276598393917084
make anoying bc different ring with chat ring,neutral,neutral,0.42502522468566895,0.1742471307516098,0.42502522468566895,0.40072768926620483
"please make the browser application sync-able with android phones. i was able to sync a few days ago, but now it only syncs with an ios account.",positive,neutral,0.5016223192214966,0.14236070215702057,0.5016223192214966,0.35601699352264404
great app. would have been a <number> if avatar could be edited,neutral,positive,0.8049432039260864,0.049955327063798904,0.1451014131307602,0.8049432039260864
poor cousin to the desktop app,neutral,negative,0.6505693197250366,0.6505693197250366,0.28602319955825806,0.06340744346380234
i get notification for update but i can't update my bbm. please fix it.,neutral,neutral,0.5000608563423157,0.32781800627708435,0.5000608563423157,0.17212119698524475
it wont let me download its saying it is but not getting it,negative,negative,0.8444448709487915,0.8444448709487915,0.1278003752231598,0.027754755690693855
force closed zenfone <number>,negative,negative,0.5941656827926636,0.5941656827926636,0.25725236535072327,0.14858196675777435
cloud service only idea bites,negative,neutral,0.39416757225990295,0.32341858744621277,0.39416757225990295,0.28241389989852905
i can't sign <url> :'(,neutral,negative,0.551522433757782,0.551522433757782,0.3350223898887634,0.11345512419939041
horrible for one reason,negative,negative,0.9192978143692017,0.9192978143692017,0.05876694619655609,0.021935345605015755
<salutation> opening unwanted liks,negative,negative,0.525063693523407,0.525063693523407,0.30541130900382996,0.16952498257160187
won't let me end chat,negative,negative,0.7803734540939331,0.7803734540939331,0.17558717727661133,0.044039346277713776
"nice, but flow could be better.",positive,positive,0.507351279258728,0.022678013890981674,0.4699706733226776,0.507351279258728
it just froze up a few days <url> doesn't work at all when i click on it,negative,negative,0.8884315490722656,0.8884315490722656,0.09410181641578674,0.017466681078076363
the news which displays on the welcome page is very annoying and vulgar have to be very careful when giving it to the children's at home to surf the internet and we had to use other browser in front of others as your front page containt all the vulgarity in news most of the people don't know how to disable news. the option should be visible on the front screen itself,negative,negative,0.5988235473632812,0.5988235473632812,0.32186365127563477,0.07931278645992279
seems impossible to make a review,neutral,neutral,0.5117915868759155,0.36159077286720276,0.5117915868759155,0.12661755084991455
reflow doesn't let you move from what's on the screen. no option to go to specific pages directly (really? scroll through a <number> + page book everytime?),neutral,negative,0.4729536175727844,0.4729536175727844,0.4337387979030609,0.09330756962299347
low score due to the lack of a dark theme/night mode in <number> !,neutral,negative,0.6013847589492798,0.6013847589492798,0.33436819911003113,0.06424706429243088
"no floating head, why",negative,neutral,0.43521130084991455,0.43153247237205505,0.43521130084991455,0.133256196975708
bad on sms blocking,neutral,negative,0.7888351082801819,0.7888351082801819,0.16692714393138885,0.04423778876662254
hated the new update,negative,negative,0.8966875672340393,0.8966875672340393,0.07981211692094803,0.02350030280649662
i find it a bit odd that the app doesn't automatically open a file. i have to go to the app and open the file from there.,positive,neutral,0.6100257635116577,0.2251681387424469,0.6100257635116577,0.16480617225170135
the weather people are always wrong they suck,negative,negative,0.49902889132499695,0.49902889132499695,0.3899173140525818,0.11105383932590485
"no ""go to page"" feature? really?",neutral,negative,0.6156631112098694,0.6156631112098694,0.3146921992301941,0.06964470446109772
caused ipad safari to stop working,negative,negative,0.8110924959182739,0.8110924959182739,0.1446911096572876,0.04421638324856758
it's a good app to communicate with team instantly,positive,positive,0.8153164386749268,0.01701756753027439,0.16766606271266937,0.8153164386749268
garbage. worthless app. i hope someone comes up with one better and more organized for people use. makes no sense. cant navigate. not worth the headache.,negative,negative,0.9387959837913513,0.9387959837913513,0.047532517462968826,0.013671391643583775
good but seems to be a battery drainer on lollipop,neutral,neutral,0.6227647066116333,0.029355594888329506,0.6227647066116333,0.34787970781326294
like the funny <url>,positive,positive,0.7172282338142395,0.031132958829402924,0.25163885951042175,0.7172282338142395
"useless app, doesn't work as described",negative,negative,0.941923201084137,0.941923201084137,0.04531810060143471,0.012758727185428143
pdf viewer works much smoother and loads faster,negative,positive,0.4670248031616211,0.06893307715654373,0.46404218673706055,0.4670248031616211
awesome app with awful ux,neutral,positive,0.7310217022895813,0.07268572598695755,0.19629253447055817,0.7310217022895813
<salutation> why most of the time. when i finish downloading video and going to play it. it says failed to open its not like this before using old version.,negative,negative,0.5443481206893921,0.5443481206893921,0.3752862215042114,0.08036569505929947
couldn't get edited photos out of lightroom!,negative,negative,0.7802532315254211,0.7802532315254211,0.1809787005186081,0.03876809775829315
the update sucks!!! i lost all the trees i previously unlocked.,negative,negative,0.9357691407203674,0.9357691407203674,0.04933338239789009,0.014897537417709827
the cancellations are confusing and the will double charge,neutral,neutral,0.504269003868103,0.35745567083358765,0.504269003868103,0.1382753700017929
"great, but eset is going off",positive,positive,0.7094482779502869,0.039527010172605515,0.25102469325065613,0.7094482779502869
it is too slow app.,negative,neutral,0.5853379964828491,0.218547061085701,0.5853379964828491,0.19611498713493347
good & need more development options,neutral,positive,0.7117802500724792,0.019340578466653824,0.26887914538383484,0.7117802500724792
browsing fast but before download its doing re direct and suggest an other app.,positive,neutral,0.5593570470809937,0.1392989158630371,0.5593570470809937,0.3013440668582916
please fix as soon as <url> cannot send message n dont have received feeds,negative,neutral,0.4529215395450592,0.4154006242752075,0.4529215395450592,0.1316777914762497
too many ads dude,negative,negative,0.40585845708847046,0.40585845708847046,0.3610036373138428,0.23313795030117035
through this app i get amazing deals,positive,positive,0.7427194714546204,0.08074824512004852,0.1765322983264923,0.7427194714546204
very helpful & useful for media <url>,positive,positive,0.854726254940033,0.02127564512193203,0.12399809062480927,0.854726254940033
very helpful the apps,positive,positive,0.8369317650794983,0.023011690005660057,0.1400565505027771,0.8369317650794983
update screwed the app over,negative,negative,0.911616325378418,0.911616325378418,0.06810169667005539,0.020281940698623657
i love the variety of fashion styles this app offers. really digging on the poses & emotion statements. emoji id me. a ok,positive,positive,0.8562986254692078,0.029101325199007988,0.11460001021623611,0.8562986254692078
except advertising everything is fine,positive,neutral,0.5615408420562744,0.06641824543476105,0.5615408420562744,0.37204092741012573
does what it's meant to do,positive,negative,0.3832632303237915,0.3832632303237915,0.38100114464759827,0.23573561012744904
it's bad browsing with opera,positive,neutral,0.5537925362586975,0.29464733600616455,0.5537925362586975,0.15156008303165436
storm warnings are behind. weather warnings just seams to be behind,neutral,negative,0.4504114091396332,0.4504114091396332,0.4214445948600769,0.12814408540725708
not really but they had an annoying notification getting me to rate the app so,negative,neutral,0.5594222545623779,0.2458718866109848,0.5594222545623779,0.19470593333244324
was better before they started messing with it. but still a bit of silly fun,neutral,neutral,0.5642035603523254,0.16427373886108398,0.5642035603523254,0.27152273058891296
can no longer save locations.,neutral,negative,0.7009016871452332,0.7009016871452332,0.2392079383134842,0.05989043787121773
"i use to like this app. but now the radar animation don't work,and i use to like that. i see it doesn't work for other people either sence the upgrade.",negative,neutral,0.43499842286109924,0.43495967984199524,0.43499842286109924,0.13004185259342194
it works but thats it,neutral,neutral,0.6763982176780701,0.09560158848762512,0.6763982176780701,0.2280002236366272
"next update have any problems after i'm updates its say bbm not responding, and refresh page is take a long time, maybe <number> minutes, why the hell??",neutral,neutral,0.4953191876411438,0.37823373079299927,0.4953191876411438,0.12644705176353455
"just downloaded it, and haven't had the chance to use it much.",positive,negative,0.7052625417709351,0.7052625417709351,0.2277746945619583,0.06696275621652603
inferior to the ios version.,neutral,negative,0.5793089270591736,0.5793089270591736,0.341823935508728,0.0788671150803566
"this app just simply doesnt care if i have allowed the data access or not. despite completely stopping the access to mobile data and wifi, it still runs in the background, connects with the internet and receives the texts. extremely intrusive and not something to have installed on your phone. if this is how it behaves, then it can't be trusted. uninstalled.",negative,negative,0.8965747356414795,0.8965747356414795,0.08552740514278412,0.017897777259349823
quick booking. many options.,positive,positive,0.6968099474906921,0.035661399364471436,0.2675286531448364,0.6968099474906921
can't jump to pages. up arrow disappears. at least make it optional for up arrow to stay visible all the time. just plain out aggregating to use.,negative,negative,0.4948401153087616,0.4948401153087616,0.4067024886608124,0.09845740348100662
very lag and make my phone so slow,negative,neutral,0.4860541820526123,0.3154107630252838,0.4860541820526123,0.19853506982326508
useful and stable application <signature>,positive,positive,0.8527771234512329,0.026129160076379776,0.12109379470348358,0.8527771234512329
overall a good app fast downloading and <signature>,positive,positive,0.8538296222686768,0.0180791188031435,0.1280912607908249,0.8538296222686768
good place to work in groups,positive,positive,0.7917347550392151,0.019963521510362625,0.18830172717571259,0.7917347550392151
good application. but needs some improvement,positive,positive,0.6288323402404785,0.01812644675374031,0.3530412018299103,0.6288323402404785
good app but to much fake news and add,negative,positive,0.5578235983848572,0.027972836047410965,0.41420355439186096,0.5578235983848572
cool idea with severe (ironic) bug,positive,neutral,0.5129022002220154,0.266046404838562,0.5129022002220154,0.2210513800382614
this app are clearing all data,neutral,negative,0.6176356077194214,0.6176356077194214,0.24509719014167786,0.13726718723773956
good for a waytomake moneyon the side,neutral,positive,0.6799535751342773,0.027496477589011192,0.2925499379634857,0.6799535751342773
it is very nice app,neutral,positive,0.8157830834388733,0.018871167674660683,0.1653456687927246,0.8157830834388733
"best editing software. ui is easy , but please remove the trial",positive,neutral,0.5193141102790833,0.047672756016254425,0.5193141102790833,0.43301311135292053
not visible in app tray!,positive,negative,0.48346200585365295,0.48346200585365295,0.40635475516319275,0.11018326878547668
the only thing i would do different is make this available on facebook i can't access it for my posts. had to uninstall and reinstall as it stopped working.,neutral,negative,0.8645297288894653,0.8645297288894653,0.10773587226867676,0.02773439884185791
"would have been a perfect app excet for the fact that you cant insert the icon into your current text, but have to start a new one(text) <url> , and with every icon!",neutral,positive,0.6573860049247742,0.04269348829984665,0.2999204993247986,0.6573860049247742
some issues in confirming the booking.,neutral,neutral,0.5958709716796875,0.21821732819080353,0.5958709716796875,0.18591178953647614
pls also cover news of intl. importance,neutral,positive,0.4460499584674835,0.20698882639408112,0.34696123003959656,0.4460499584674835
very easy to navigate,positive,positive,0.8477421998977661,0.02709459699690342,0.1251632571220398,0.8477421998977661
won't stop shutting down. reported several times,negative,negative,0.8438006043434143,0.8438006043434143,0.12503038346767426,0.03116902895271778
easy and very helpful,positive,positive,0.862385630607605,0.019061030820012093,0.1185532659292221,0.862385630607605
"there is a problem, at least in this version, each time i try to view an already downloaded city guide while i'm online, always displays the search page for hotels <url>",neutral,neutral,0.6008223295211792,0.20878072082996368,0.6008223295211792,0.1903969794511795
i am just downloading the app after completion i'll increase or decrease the rating based on the app performance,neutral,negative,0.5507367253303528,0.5507367253303528,0.35162025690078735,0.09764296561479568
"notif now okay, ads still not ok",positive,negative,0.4949900209903717,0.4949900209903717,0.4257027506828308,0.0793071985244751
"great app, too bad i'm on android.",positive,positive,0.8075820207595825,0.04498102888464928,0.14743691682815552,0.8075820207595825
"it's is very effective app , but it takes too much time in opening",neutral,positive,0.6726910471916199,0.023153716698288918,0.30415523052215576,0.6726910471916199
same bad it is good for search and for download but it is no to much good when i open uc browser on it home sreen or default and not save language option for my side not good,neutral,neutral,0.5510262846946716,0.3181491792201996,0.5510262846946716,0.13082459568977356
not good for me,negative,negative,0.6480982899665833,0.6480982899665833,0.2912715971469879,0.06063007935881615
it's good for few days later it is not working well,neutral,neutral,0.7078990936279297,0.05314042419195175,0.7078990936279297,0.23896047472953796
"keeps crashing. really looked fwd to checking it out, but crashes all the time. the few times it worked the timer got messed <url> work it out!",neutral,negative,0.6557941436767578,0.6557941436767578,0.2796780467033386,0.06452776491641998
the worst - yet the only <url> ckck,negative,negative,0.8698651194572449,0.8698651194572449,0.09526630491018295,0.03486848995089531
i love this app!it really helped me! devs keep on fixing and constantly improving on the app. worth any all in app purchases (which are very cheap btw). just missing a widget! &lt;/ <number>,negative,positive,0.7683928608894348,0.06492703408002853,0.16668003797531128,0.7683928608894348
my bbm very slow .. what happen ??,negative,negative,0.7443189024925232,0.7443189024925232,0.2072938233613968,0.04838726669549942
i like booking in my computer,neutral,positive,0.7573853731155396,0.029624443501234055,0.2129901647567749,0.7573853731155396
i like this app,positive,positive,0.8207325339317322,0.023665616288781166,0.1556018739938736,0.8207325339317322
can't do or find anything on the app,negative,negative,0.6649332642555237,0.6649332642555237,0.28364720940589905,0.05141953378915787
why open raw files ?,positive,negative,0.42824500799179077,0.42824500799179077,0.42613956332206726,0.14561544358730316
"all but useless in europe. slow to update and most features just don't work here at all. added a daily weather report, great! oh wait, it describes only one <url>",negative,negative,0.6370428800582886,0.6370428800582886,0.2733725905418396,0.08958455920219421
something very wrong with the app,negative,negative,0.7334510087966919,0.7334510087966919,0.21768951416015625,0.048859525471925735
iterate this app more then ads,negative,neutral,0.39882388710975647,0.22829557955265045,0.39882388710975647,0.3728805482387543
old seen should not repeat please,neutral,negative,0.41598331928253174,0.41598331928253174,0.3817732632160187,0.20224343240261078
great app for traveling,positive,positive,0.8475762605667114,0.03798173367977142,0.11444196850061417,0.8475762605667114
was so great <url> but <url>,negative,neutral,0.43496328592300415,0.2448844164609909,0.43496328592300415,0.32015231251716614
it's a nice app,positive,positive,0.783893346786499,0.015934957191348076,0.20017170906066895,0.783893346786499
i love this service,positive,positive,0.7869401574134827,0.06254218518733978,0.15051764249801636,0.7869401574134827
larry delaney like it,neutral,positive,0.7307093143463135,0.025172436609864235,0.24411822855472565,0.7307093143463135
not working with google messenger,neutral,negative,0.8033123016357422,0.8033123016357422,0.16561247408390045,0.031075239181518555
"i am enjoying the app very much, it was recommended by my nephew and it is everything that he said it would be!!",positive,positive,0.8357253074645996,0.03913634270429611,0.1251383125782013,0.8357253074645996
really only works with small documents and even then runs into freezes on motorola droid. no page jump which for books is necessary,negative,neutral,0.5153687596321106,0.3205772936344147,0.5153687596321106,0.16405394673347473
"i used to really love this app until it started killing my trees just for receiving a notification that i hadn't opened yet. advanced detection is not on. may as well turn the phone off, but i use it for music.",negative,neutral,0.4940636456012726,0.3045669198036194,0.4940636456012726,0.20136943459510803
crashes immediately after startup - can't use it!,negative,negative,0.8885397911071777,0.8885397911071777,0.0920826643705368,0.019377615302801132
can't login to bbm,negative,negative,0.7643117904663086,0.7643117904663086,0.20009179413318634,0.03559643775224686
an very much useful application,positive,positive,0.8287177085876465,0.02362659014761448,0.1476556807756424,0.8287177085876465
works great except a few things,positive,positive,0.7039638161659241,0.02960106171667576,0.2664351463317871,0.7039638161659241
"<salutation> awful interface lacking any true customisation, yet another chat app that brings nothing new to the table and steals ideas from discord, an exercise in reinventing the wheel which hasn't been updated in years and crashes all the time. also i wouldn't trust this app if you value your privacy. avoid like the plague.",negative,negative,0.8537489771842957,0.8537489771842957,0.1166328489780426,0.029618162661790848
good for editing bad for storage,neutral,positive,0.4883045256137848,0.03692276030778885,0.47477272152900696,0.4883045256137848
"it's <url> only downside is can't make just any emotion, but overall great",positive,positive,0.7935249209403992,0.02469763718545437,0.1817774921655655,0.7935249209403992
used to work . please fix,negative,negative,0.684867262840271,0.684867262840271,0.2457461655139923,0.06938660144805908
it would be great if there's a feature where i can sort my files in folders because it is irritating to find a certain file in my sea of different subjects.,positive,positive,0.6331445574760437,0.026663994416594505,0.34019145369529724,0.6331445574760437
one thing that uc devs definitely do is to remove ads and news <url> page is annoying if we want to read then will go in news site,negative,negative,0.5119761228561401,0.5119761228561401,0.3718797266483307,0.1161440908908844
nice to be back,positive,positive,0.760253369808197,0.02401222474873066,0.21573445200920105,0.760253369808197
"in all, we have to check this.",neutral,neutral,0.3944641649723053,0.28473734855651855,0.3944641649723053,0.32079851627349854
freezes on some files,neutral,negative,0.4588930010795593,0.4588930010795593,0.4230380654335022,0.11806899309158325
cannot save progress without spending money.,negative,negative,0.7104124426841736,0.7104124426841736,0.23391978442668915,0.05566773936152458
greatly helpful. i like it,positive,positive,0.8607978820800781,0.019684812054038048,0.11951730400323868,0.8607978820800781
can't even spell sydney right,negative,negative,0.5750867128372192,0.5750867128372192,0.319593608379364,0.10531970113515854
can't even create an account,negative,negative,0.8651036024093628,0.8651036024093628,0.11312709003686905,0.02176928147673607
nice app but you put extra features in this app but app is good,neutral,positive,0.668414294719696,0.019946878775954247,0.31163883209228516,0.668414294719696
"good, but better without all those ads like other free messengers such as whatsapp, telegram, etc",neutral,positive,0.5261557102203369,0.021960223093628883,0.45188406109809875,0.5261557102203369
wow. useless. hated it. <number> stars. (if i <url> ),negative,negative,0.937041699886322,0.937041699886322,0.04724891483783722,0.015709353610873222
"bloated, glorified chat. i use it because my company obliges me to do so.",negative,negative,0.45269975066185,0.45269975066185,0.3455595374107361,0.20174075663089752
it dors ansolutely nothing. wastef my time!,negative,negative,0.9210079908370972,0.9210079908370972,0.06243699789047241,0.016554981470108032
superb editing in this,neutral,positive,0.8309430480003357,0.03937048837542534,0.12968647480010986,0.8309430480003357
"generally very good & helpful, with some good prices. free cancellation option is extremely useful.",positive,positive,0.8402497172355652,0.014867379330098629,0.14488284289836884,0.8402497172355652
"the ""i'm listening to"" <url>",positive,negative,0.39011523127555847,0.39011523127555847,0.3202473223209381,0.2896374464035034
"solid app, but lacking in the tablet ux area",positive,neutral,0.5802441239356995,0.06969724595546722,0.5802441239356995,0.3500586748123169
let people to create more characters,neutral,positive,0.5325688719749451,0.10212360322475433,0.3653075397014618,0.5325688719749451
app is good brower is so fast but news section in uc brower is the worst thing in the world,neutral,neutral,0.5709198117256165,0.13063296675682068,0.5709198117256165,0.29844722151756287
"it is good easy to use , but why i have to download opera browser to download any videos from uc browser please fix this problem .",neutral,neutral,0.5490453243255615,0.04307161271572113,0.5490453243255615,0.40788307785987854
it worked better before the <url> anything posted is hard to see and get to.,neutral,neutral,0.5036119222640991,0.3202301859855652,0.5036119222640991,0.17615793645381927
can't apply for instagram. please updated,neutral,negative,0.477603554725647,0.477603554725647,0.3977815806865692,0.12461481988430023
image size goes from <number> mb to <number> kb else fine.,neutral,neutral,0.6154165267944336,0.13817423582077026,0.6154165267944336,0.24640923738479614
please enable apps <number> sd immediately. <signature>,negative,neutral,0.3852079212665558,0.2481713593006134,0.3852079212665558,0.3666206896305084
like the app but the don't update rainfall very often.,positive,neutral,0.5040585398674011,0.037899333983659744,0.5040585398674011,0.45804211497306824
i liked <url> the size of this app is <url> is better,positive,positive,0.6153134703636169,0.057733505964279175,0.3269529938697815,0.6153134703636169
this app is extremely bloated. for the functionality provided it should fit within <number> mb without issues.,negative,negative,0.4934503734111786,0.4934503734111786,0.4008066952228546,0.1057429313659668
half assed. uninstall! droid ally,negative,negative,0.938962459564209,0.938962459564209,0.046239279210567474,0.014798234216868877
quite nice - would be useful to edit posts from mobile,positive,positive,0.8016275763511658,0.015887051820755005,0.18248534202575684,0.8016275763511658
app <number> f. temp <number> f,negative,negative,0.4247496724128723,0.4247496724128723,0.3672543466091156,0.2079959660768509
too many update it's annoying,neutral,neutral,0.5268916487693787,0.2967953383922577,0.5268916487693787,0.17631296813488007
not responding to phone calls or emails. no customer service at all.,negative,negative,0.8387702107429504,0.8387702107429504,0.13242831826210022,0.028801480308175087
thanks for fixing the problem,negative,positive,0.6620911359786987,0.034310247749090195,0.3035986125469208,0.6620911359786987
room rate at times is misleading subject to additional charges,neutral,negative,0.46519750356674194,0.46519750356674194,0.4107964336872101,0.12400610744953156
access to files/photos/media,negative,neutral,0.3615717887878418,0.33091795444488525,0.3615717887878418,0.30751028656959534
"best messaging app, not so great for file sharing though",positive,positive,0.6239631772041321,0.02628461644053459,0.34975218772888184,0.6239631772041321
they want to much access,neutral,negative,0.41390618681907654,0.41390618681907654,0.3578530251979828,0.22824080288410187
"would love more clothing choices, glasses and skin tones.",neutral,positive,0.822453498840332,0.020272448658943176,0.15727399289608002,0.822453498840332
line freecall is better than bbm freecall,neutral,neutral,0.4527071714401245,0.1504989117383957,0.4527071714401245,0.3967938721179962
this app very nice & use very easy,neutral,positive,0.8554701209068298,0.01775660552084446,0.12677335739135742,0.8554701209068298
make the dp full hd,neutral,positive,0.40378832817077637,0.20599471032619476,0.3902169466018677,0.40378832817077637
good if it doesn't has annoying news banners,positive,neutral,0.5386657118797302,0.03701271116733551,0.5386657118797302,0.42432156205177307
please make the lite variant of this app for smartphones with less storage.,negative,positive,0.5525932312011719,0.06868100166320801,0.3787257671356201,0.5525932312011719
age group <number> to <number> years old,negative,negative,0.4121270477771759,0.4121270477771759,0.3678261935710907,0.2200467586517334
takes a lot of space,negative,neutral,0.4860006272792816,0.17953075468540192,0.4860006272792816,0.33446869254112244
trible app. ui is horrible.,negative,negative,0.8935234546661377,0.8935234546661377,0.08427824825048447,0.0221982691437006
loved the app very much,positive,positive,0.598108172416687,0.14067073166370392,0.2612210810184479,0.598108172416687
this bbm is not working on my galaxy s <number> edge why,neutral,negative,0.7347317337989807,0.7347317337989807,0.21771661937236786,0.04755156859755516
it's great <url>,neutral,positive,0.7798110246658325,0.027961252257227898,0.19222769141197205,0.7798110246658325
where is option for timer,negative,neutral,0.4870326817035675,0.1745573729276657,0.4870326817035675,0.3384099006652832
well not. so good work but. some what.,neutral,neutral,0.701444685459137,0.07962847501039505,0.701444685459137,0.21892690658569336
this could be great <url>,neutral,positive,0.48989710211753845,0.057134319096803665,0.45296862721443176,0.48989710211753845
take too much space or ram to run,neutral,neutral,0.5370299220085144,0.23148605227470398,0.5370299220085144,0.2314840406179428
very useful. ive used the app many times in the last few years. hv even referred others by telling them directly. wish full address address of property could be included even before booking. thats my only complaint.,positive,positive,0.7646799683570862,0.03584844246506691,0.1994716078042984,0.7646799683570862
i love it but she doesn't look like me after making so many changes!!,positive,positive,0.6259684562683105,0.05526033043861389,0.31877124309539795,0.6259684562683105
"it's ok, but since it appears to have basic reflow why can't we have white text on black background to save battery?",neutral,neutral,0.7464598417282104,0.0527096763253212,0.7464598417282104,0.20083050429821014
great!!! amazing tool for textbooks in pdf <url> i use it on my lenovo tab <number> <number> plus and it works awesome. most of my medical textbooks converted in pdf run absolutely fine with this app.,positive,positive,0.8581691980361938,0.0374656580388546,0.10436513274908066,0.8581691980361938
bothering me for a rating,neutral,negative,0.5910242795944214,0.5910242795944214,0.332881361246109,0.0760943815112114
it works great until you need to use another app. even when i whitelist apps my tree still withers,neutral,positive,0.5256097316741943,0.04748563468456268,0.4269046485424042,0.5256097316741943
good weather overview. occasionally buggy (no pun intended).,positive,positive,0.6384384036064148,0.02367210015654564,0.3378894627094269,0.6384384036064148
when it works is great,neutral,positive,0.5500606298446655,0.06489987671375275,0.3850395381450653,0.5500606298446655
radar map doesnt work at all since last update. please fix and get <number> stars,negative,negative,0.785479724407196,0.785479724407196,0.18051433563232422,0.03400591388344765
"how do i use on facebook,?",negative,neutral,0.43471840023994446,0.2756393849849701,0.43471840023994446,0.2896422743797302
used to be my favorite app,negative,negative,0.6678468585014343,0.6678468585014343,0.25278571248054504,0.07936736941337585
its all good except for one thing.,neutral,neutral,0.5733784437179565,0.024566076695919037,0.5733784437179565,0.4020554721355438
to good to be true,positive,positive,0.3656950891017914,0.2766110301017761,0.3576938807964325,0.3656950891017914
this app is useful for me,positive,positive,0.7994129657745361,0.022753344848752022,0.1778336763381958,0.7994129657745361
"only worked for a day, then the app would never open and kept saying there was a error. uninstalled the re-installed <number> times never worked again",negative,negative,0.9229739308357239,0.9229739308357239,0.06150138005614281,0.015524741262197495
not able to open pdf's downloaded to sd <url>,negative,negative,0.6576210260391235,0.6576210260391235,0.28168055415153503,0.06069840118288994
slow and crashes dinc v <number> . <number>,negative,negative,0.6441128849983215,0.6441128849983215,0.2857559621334076,0.07013115286827087
"easy to use, fairly accurate!",positive,positive,0.8703307509422302,0.02022845298051834,0.10944084078073502,0.8703307509422302
its a usefull app for informal office communication.,positive,positive,0.8562630414962769,0.02000029757618904,0.12373659759759903,0.8562630414962769
"facebook face detection doesn't work, so you have to start from scratch. also not enough selection to choose from.",neutral,negative,0.7901198863983154,0.7901198863983154,0.17567746341228485,0.03420266509056091
more than one and add more stuff. (stuff to make the avatar),neutral,positive,0.5741331577301025,0.06231263652443886,0.3635541498661041,0.5741331577301025
i can't play it that sucks,negative,negative,0.8666333556175232,0.8666333556175232,0.10551153868436813,0.027855083346366882
crashes during import htc one m <number>,negative,negative,0.7514691352844238,0.7514691352844238,0.19691871106624603,0.05161222070455551
does exactly what it says. i like it.,positive,positive,0.8306819796562195,0.02104172855615616,0.14827626943588257,0.8306819796562195
i think this app is good,positive,positive,0.6340692043304443,0.02279805950820446,0.34313276410102844,0.6340692043304443
great app. free cancellation should be indicated per hotel before booking.,positive,positive,0.7867239117622375,0.058561474084854126,0.1547146588563919,0.7867239117622375
"it's great for pdf, i only wish it supported other book formats like epub or mobi",positive,positive,0.7969974875450134,0.019191212952136993,0.18381135165691376,0.7969974875450134
"stopped working and deleted everything after a week, pretty poor i'd say",negative,negative,0.8436200022697449,0.8436200022697449,0.12728558480739594,0.029094398021697998
"a couple days ago, started telling me it can't attatch the emoji to my texts, that just stinks! i have a galaxys <number>",negative,negative,0.8955463767051697,0.8955463767051697,0.08433668315410614,0.02011699229478836
overall very useful app. i only don't like the fact that also sold-out hotels are shown. can be quite frustrating.,positive,positive,0.7826413512229919,0.026046913117170334,0.19131174683570862,0.7826413512229919
works well. it could have been better if approximate dates were allowed in search form.,positive,positive,0.5916807055473328,0.02226398140192032,0.3860553205013275,0.5916807055473328
still not as good as it could be!,neutral,neutral,0.5246180891990662,0.3469291925430298,0.5246180891990662,0.12845267355442047
for more information about this review go to <url>,negative,neutral,0.358074426651001,0.2939683198928833,0.358074426651001,0.3479572832584381
its been <number> years im using uc browser i gave a feedback that in uc browser we can't download videos directly to sd <url> have given a feedback about this past <number> years back but still uc team have not sloved my <url> service i request google team to please remove this uc browser from google <url> dnt need this kind of careless team ..,negative,negative,0.7562836408615112,0.7562836408615112,0.19642919301986694,0.04728718474507332
awesome app to find any <url> it,positive,positive,0.8149354457855225,0.046286385506391525,0.1387782096862793,0.8149354457855225
ok permissions fix. i've updated and given back two of the four stars i'd dropped.,neutral,neutral,0.5876108407974243,0.218379408121109,0.5876108407974243,0.19400982558727264
i love the idea but can we get a weekly forest too?? that would be quite motivating!,neutral,positive,0.8009675145149231,0.02281457744538784,0.17621788382530212,0.8009675145149231
it's very good for edit photos and make photos and make a design of any things,positive,positive,0.835797131061554,0.017679156735539436,0.14652377367019653,0.835797131061554
"i really love the lightroom software for laptops and other devices, but i don't find the app really convincing when compared to the software as you just miss so many options in the app",neutral,positive,0.6340616941452026,0.048076774924993515,0.31786149740219116,0.6340616941452026
"latest version is <number> . <number> . <number> , last updated on <number> th september <number> . uninstalled as abandoned. desktop is already at <number> . <number> .",negative,negative,0.9137804508209229,0.9137804508209229,0.0685390755534172,0.017680495977401733
just click the back button and my tree will still <url> and i don't think i have the whitelist edit- i think your tree only dies when you open another app that isn't on your whitelist or else the list is <url> am i wrong?,positive,negative,0.6039636135101318,0.6039636135101318,0.3203355669975281,0.07570083439350128
adobe products are awsome,positive,neutral,0.3996259868144989,0.33748340606689453,0.3996259868144989,0.26289060711860657
latest update fails to install with 'unknown reason - <number> ',neutral,negative,0.8217172026634216,0.8217172026634216,0.1459682285785675,0.032314471900463104
"the app syncs messages too slowly and marking messages as ""read"" is buggy.",neutral,neutral,0.6205136775970459,0.19254693388938904,0.6205136775970459,0.18693937361240387
"great service, terrible app. the app doesn't seem work with mobile internet which makes it mostly useless.",negative,negative,0.8631782531738281,0.8631782531738281,0.09939794987440109,0.03742378577589989
now <number> % harder to use,negative,negative,0.5359302163124084,0.5359302163124084,0.36696869134902954,0.0971011072397232
marginal but still better than others i have tried.,neutral,neutral,0.5183478593826294,0.06360185891389847,0.5183478593826294,0.41805022954940796
the app doesn't provide multiple tabs at a time. it would be great if its possible.,positive,positive,0.6054274439811707,0.030545640736818314,0.36402687430381775,0.6054274439811707
good app and uesfull,negative,positive,0.8339719176292419,0.018016230314970016,0.14801183342933655,0.8339719176292419
only hate the <url>,positive,negative,0.6489220261573792,0.6489220261573792,0.2390524446964264,0.11202552914619446
"i was using it every day and i think it was brilliant, even upgraded to paid version but since last update i haven't been able to access it at all as it keeps crashing. please fix it.",neutral,neutral,0.49798068404197693,0.19215534627437592,0.49798068404197693,0.30986395478248596
wont work for saml integration,neutral,negative,0.899216890335083,0.899216890335083,0.08377137035131454,0.017011715099215508
good but ads are annoying,neutral,neutral,0.5684248208999634,0.030904721468687057,0.5684248208999634,0.40067043900489807
"app works fine, but it is very disappointing that there is no possibility to just use the map to find available accommodation. you always have to fill a place to search, but mostly i just want to browse and see what's available, regardless of the location.",neutral,neutral,0.5644217133522034,0.04171448200941086,0.5644217133522034,0.39386382699012756
worst app and if it is install u r phone become a virus attack,negative,negative,0.9250909090042114,0.9250909090042114,0.05808248743414879,0.016826508566737175
not what i'd expect from the creators,neutral,negative,0.4830588102340698,0.4830588102340698,0.4148200750350952,0.10212107002735138
"won't leave my facebook, like a <url>",negative,negative,0.7900726199150085,0.7900726199150085,0.169676274061203,0.040251150727272034
ads is an inconvenient thing so far,positive,negative,0.7411999702453613,0.7411999702453613,0.21676594018936157,0.04203406721353531
"i like the interface , it's really good. for me, i feel it would be nice to have a look up option when we right-click on words . it's functionality is to link up words to our dictionary apps. <signature>",positive,positive,0.8166261911392212,0.017011793330311775,0.16636206209659576,0.8166261911392212
good but many <url>,positive,neutral,0.6197217702865601,0.03039534203708172,0.6197217702865601,0.3498828709125519
requires photos to be imported into lightroom. i know this has how the desktop version but wish the mobile version was faster and easier to use.,neutral,neutral,0.5982946753501892,0.12127437442541122,0.5982946753501892,0.2804309129714966
miss tabs to move between open docs. otherwise is fab.,positive,neutral,0.543114423751831,0.30222588777542114,0.543114423751831,0.15465962886810303
"they stole from me i wanted a refund and because the manager of the hotel i chose treated me indifferently all because i wasn't <number> and so i emailed their "" <number> hour customer service"" and never got helped. lost $ <number> . don't use this app it is a trap.",negative,negative,0.9341054558753967,0.9341054558753967,0.0519602969288826,0.013934239745140076
my ag fans love the photos i do,positive,positive,0.8133029937744141,0.049137234687805176,0.13755975663661957,0.8133029937744141
this app would be perfectly awesome if it worked with the keyboard on my tablet so that i could use it in facebook when i <url> without white backgrounds,neutral,positive,0.778821587562561,0.026453685015439987,0.1947246938943863,0.778821587562561
"why my friends can retract or delete their messages, while i can't? i don't know what bb phone or android they have.",neutral,neutral,0.45010384917259216,0.4130547344684601,0.45010384917259216,0.13684137165546417
it sucks non free things to choose from,negative,negative,0.8129550814628601,0.8129550814628601,0.14461234211921692,0.04243253916501999
this is very good app for downloading,positive,positive,0.8376356959342957,0.02253257855772972,0.1398317664861679,0.8376356959342957
not accurate information all the time,neutral,neutral,0.521844744682312,0.34964510798454285,0.521844744682312,0.12851017713546753
cannot show my reserved bookings,negative,negative,0.5600287318229675,0.5600287318229675,0.3466375768184662,0.09333369135856628
i love this app,positive,positive,0.7843347787857056,0.06318075954914093,0.1524844765663147,0.7843347787857056
my company forces me to use this app.,neutral,negative,0.9188827276229858,0.9188827276229858,0.0643400102853775,0.01677730679512024
it's hard to cancel a booking when <url> to use,neutral,neutral,0.6178721189498901,0.1397799700498581,0.6178721189498901,0.24234794080257416
won't open email attachments,negative,negative,0.885865330696106,0.885865330696106,0.09523524343967438,0.01889944262802601
couldn't find a better suited search app. compliments to the team. trivago couldn't find these many options.,positive,negative,0.5664328932762146,0.5664328932762146,0.3465000092983246,0.0870671421289444
"simple to use, don't seem to be able to see complete booking information",positive,positive,0.574082612991333,0.04221097379922867,0.38370639085769653,0.574082612991333
absolutely one of the <signature>,positive,positive,0.8485382199287415,0.03921089693903923,0.11225094646215439,0.8485382199287415
i like the reading mode specially. but sometimes it crashes.,positive,positive,0.6571555137634277,0.028386661782860756,0.31445780396461487,0.6571555137634277
sounds and digital mixer cansol,positive,positive,0.48238834738731384,0.17128659784793854,0.3463250696659088,0.48238834738731384
"lacks a lot of basic features such as bookmarks and ""goto page"". thinkoffice does a better job.",negative,neutral,0.6612454056739807,0.19501885771751404,0.6612454056739807,0.14373569190502167
much better than asana,positive,positive,0.5739179849624634,0.07105980068445206,0.35502225160598755,0.5739179849624634
better on my windows phone,negative,neutral,0.4581293761730194,0.12441524118185043,0.4581293761730194,0.4174553453922272
it's good but always show on screen when i switch on my home screen,neutral,positive,0.5072100758552551,0.02169608883559704,0.4710938632488251,0.5072100758552551
this app is my go to when i need to know about the weather.,positive,positive,0.613079309463501,0.09483732283115387,0.29208338260650635,0.613079309463501
"okay but not great, and not really improving",neutral,neutral,0.683710515499115,0.08857614547014236,0.683710515499115,0.22771328687667847
it should have pause option,neutral,neutral,0.5975459218025208,0.1241081953048706,0.5975459218025208,0.2783459424972534
"all is good in this app except i couldn't see any hdr option while clicking photos, may be since i use oneplus one, which also has high processing power and advanced chipset enough to support this app. so they should support many more devices like this! hope the support arrives in next update itself.",neutral,positive,0.537814199924469,0.03178877755999565,0.43039700388908386,0.537814199924469
"professional app , useful for office purpose , easily connect to office by mobile but too much heavy unable to send messages on slow network.",positive,positive,0.6837077140808105,0.03939174488186836,0.2769005298614502,0.6837077140808105
update is not starting after clicking on update button,negative,negative,0.44935372471809387,0.44935372471809387,0.4269793629646301,0.1236669272184372
hate it since the update,negative,negative,0.9008301496505737,0.9008301496505737,0.07834101468324661,0.02082889713346958
tired of getting ripped off.,negative,negative,0.6939045190811157,0.6939045190811157,0.2491990625858307,0.05689647048711777
had to sleep in the truck!,negative,negative,0.8094740509986877,0.8094740509986877,0.14897935092449188,0.04154660180211067
radar stopped working. i would've given <number> star rating if it worked.,negative,negative,0.8508220911026001,0.8508220911026001,0.11513937264680862,0.03403857350349426
worst experience in goa,negative,negative,0.9261866807937622,0.9261866807937622,0.05645506829023361,0.017358258366584778
like it because it syncs better,positive,positive,0.7002672553062439,0.022807473316788673,0.276925265789032,0.7002672553062439
i can connect to my friends.,positive,positive,0.6535418033599854,0.05458302050828934,0.2918751537799835,0.6535418033599854
i love this app,negative,positive,0.7843347787857056,0.06318075954914093,0.1524844765663147,0.7843347787857056
fantastic app for downloading and easy to use,positive,positive,0.8609079718589783,0.0296754390001297,0.10941655933856964,0.8609079718589783
"unable to change alert sound. not in options. unable to enable alerts per channel, on all or keywords and direct. closer to a beta than an app.",negative,negative,0.7208577394485474,0.7208577394485474,0.23385442793369293,0.04528775066137314
so much fun! makes people laugh.,positive,positive,0.7007713913917542,0.0837785005569458,0.21545013785362244,0.7007713913917542
similar to all other photo editing apps. doesn't stand out from ythe rest.,neutral,neutral,0.5799640417098999,0.20478712022304535,0.5799640417098999,0.21524880826473236
the quality of display picture is so bad,neutral,negative,0.5631771683692932,0.5631771683692932,0.35781213641166687,0.07901071757078171
this app is very fast,neutral,positive,0.6558958888053894,0.06754737347364426,0.2765567898750305,0.6558958888053894
dear friends do not install this browser. this browser is pathrtic <url> will ads and ads on this .really annoying,negative,negative,0.8386884331703186,0.8386884331703186,0.1316259801387787,0.0296856090426445
please fix so i can type!,negative,neutral,0.44701868295669556,0.2634202241897583,0.44701868295669556,0.2895611524581909
able to provide sufficent info regarding hotel that want to be rent,positive,positive,0.5936926603317261,0.10321757942438126,0.30308976769447327,0.5936926603317261
they make you pay to create an account!! this is outrageous.,negative,negative,0.9220374226570129,0.9220374226570129,0.06020544096827507,0.01775718294084072
"it's a great concept for assosiating a reward to focus for those of us who struggle; however, my tree withers when someone phones me and i don't answer which is obviously a piss off.",positive,positive,0.7058246731758118,0.04293224215507507,0.2512430250644684,0.7058246731758118
really a very good app,positive,positive,0.8363242149353027,0.025724707171320915,0.1379511058330536,0.8363242149353027
awesome app! it will be better if you sync all your timers on your phones and chrome/mozilla extension. because i have to start to plant on my <number> phones and my browers when i'm working when you can do it just once and all your timers will start automatically. i hope you do it!,positive,positive,0.7787468433380127,0.04313477501273155,0.17811840772628784,0.7787468433380127
this app is very nice,positive,positive,0.8042833805084229,0.02011406049132347,0.17560257017612457,0.8042833805084229
"this app is super cute! my only complaint is that there is no piercing section! i have <number> piercings and would really like to at least have a nose ring! or maybe earrings? also think you should be able to customize outfits, like pick a shirt, bottoms, and shoes! instead of just the premade outfits.",positive,positive,0.815980076789856,0.026011856272816658,0.15800811350345612,0.815980076789856
"app is okay but has superfluous things that i will never use. including every option is okay but the ideal app would allow for complete customization of components and page information that is pertinent to the user and where they are located. additionally, collecting metrics on what users actually use versus what is weak allows for improved development of the weaker app areas. that said, i have used this app for a long time with little cause for complaint.",neutral,positive,0.5771781802177429,0.030730916187167168,0.39209088683128357,0.5771781802177429
could you please add an option for exporting photos using the png format? it would be very handy.,neutral,positive,0.745011568069458,0.020101938396692276,0.23488649725914001,0.745011568069458
i like the reflow feature. but useless for me as i can't search nor skip to a specific page (have to scroll through entire books),negative,positive,0.5729186534881592,0.03987041860818863,0.3872109353542328,0.5729186534881592
"simple yet effective. would be great if the app had more customisation options like moving the plants around, changing the colour etc.",positive,positive,0.8138467073440552,0.0167460385710001,0.16940723359584808,0.8138467073440552
uc brouser is <signature>,positive,negative,0.3571295738220215,0.3571295738220215,0.331715852022171,0.3111545741558075
not starting since last update. please see to it. i gave <number> star so you can quickly check my issue. my phone is note <number> neo n <number>,positive,neutral,0.4467666745185852,0.38774967193603516,0.4467666745185852,0.16548363864421844
doesn't work properly on nova launcher,neutral,negative,0.8934255242347717,0.8934255242347717,0.09070821851491928,0.01586632803082466
"useful, informative and helpful <signature>",positive,positive,0.8579882979393005,0.025951707735657692,0.11605997383594513,0.8579882979393005
still no floating head!! disappointed,negative,negative,0.6543237566947937,0.6543237566947937,0.26974618434906006,0.07593003660440445
this app sucks now,negative,negative,0.9407151341438293,0.9407151341438293,0.045402999967336655,0.013881801627576351
it can't find my photos,negative,negative,0.6045700907707214,0.6045700907707214,0.309887558221817,0.08554231375455856
what happened to my little shortcut!? or used to stay open in all my messaging <url> now it's gone!!,negative,negative,0.8958805799484253,0.8958805799484253,0.08350225538015366,0.020617211237549782
stable and functional but not totally user friendly.,neutral,neutral,0.5740448236465454,0.03681402653455734,0.5740448236465454,0.38914117217063904
this is good <url>  downloading movies but many. ads are come in between browsing,neutral,neutral,0.5996448397636414,0.04305557534098625,0.5996448397636414,0.3572995662689209
i don't like the company not the app,negative,neutral,0.5150138735771179,0.26769188046455383,0.5150138735771179,0.21729423105716705
"great app but would love to have better clothing styles. maybe peacoats, pencil skirts etc. <signature>",positive,positive,0.8509203791618347,0.02325250953435898,0.12582707405090332,0.8509203791618347
radar map will not move. it hasn't been accurate either.,negative,negative,0.7077146768569946,0.7077146768569946,0.23814022541046143,0.054145101457834244
"simplistic, designed to exceed expectations and overcome limitations.",positive,neutral,0.46760764718055725,0.14116239547729492,0.46760764718055725,0.3912300169467926
<url> sometimes it's gone <url> hate slow,neutral,negative,0.5977256298065186,0.5977256298065186,0.29715192317962646,0.1051224023103714
"i would use it more but i dont like that it has to start a new message, would be better if it would just add to the convo on the screen",neutral,neutral,0.5444392561912537,0.04021449759602547,0.5444392561912537,0.41534623503685
very bad app. it is forcing to instal. i think it is a virus.,negative,negative,0.9325143098831177,0.9325143098831177,0.05201973021030426,0.01546601764857769
better if no trial period and unlimited use for free,positive,neutral,0.5444357991218567,0.061096034944057465,0.5444357991218567,0.39446821808815
great but needs presets access,neutral,positive,0.7231117486953735,0.024426793679594994,0.2524614632129669,0.7231117486953735
each time it simply keeps saying that my phone has <url> disgusting,negative,negative,0.635698676109314,0.635698676109314,0.2911175787448883,0.07318371534347534
keeps documents in line. i really like this application!,positive,positive,0.8343782424926758,0.03197111189365387,0.13365058600902557,0.8343782424926758
anyone video download stop and very slow download,negative,negative,0.6826444268226624,0.6826444268226624,0.25938859581947327,0.05796697363257408
used to work but no longer does. writing this review while my is growing :/,neutral,negative,0.6869707107543945,0.6869707107543945,0.2459132969379425,0.06711602210998535
limited options but fun,neutral,neutral,0.5063310861587524,0.034141384065151215,0.5063310861587524,0.45952755212783813
would give better but have'nt used much yet,negative,neutral,0.6194438934326172,0.04882338270545006,0.6194438934326172,0.33173274993896484
"app ok, but temp doesn't update in notification bar",neutral,neutral,0.7178688645362854,0.08307978510856628,0.7178688645362854,0.1990513950586319
no way to redeem tickets.,neutral,negative,0.8970317840576172,0.8970317840576172,0.08269251137971878,0.020275797694921494
"silly app , it would let me open google while it will kill the plant if i open calculator or dictionary",negative,negative,0.7799227237701416,0.7799227237701416,0.17514640092849731,0.04493078589439392
"wow, such a pos!",negative,positive,0.6881800889968872,0.1250365823507309,0.1867832988500595,0.6881800889968872
is a great app but since the update a couple of days ago i can't get radar to work. tried uninstalling and reinstalling but doesn't work.,positive,neutral,0.514187753200531,0.17494668066501617,0.514187753200531,0.31086552143096924
"i hate start up with system, i don't use it frequently",negative,negative,0.8656561374664307,0.8656561374664307,0.1093062162399292,0.025037631392478943
push notifications not working,negative,negative,0.7471369504928589,0.7471369504928589,0.20797286927700043,0.044890161603689194
good combination with acrobat reader. it's quite clear,positive,positive,0.8260765075683594,0.016581010073423386,0.15734249353408813,0.8260765075683594
nice. update it to be more digital. very clear,positive,positive,0.8017308712005615,0.02124917320907116,0.17701999843120575,0.8017308712005615
nice but sometimes hanging,positive,positive,0.5721044540405273,0.02036435343325138,0.40753117203712463,0.5721044540405273
still getting to know it,positive,neutral,0.4810122847557068,0.2847268879413605,0.4810122847557068,0.23426085710525513
i use it for reading articles and it's fine. would be useful to be able to open two articles at once for cross reference but otherwise happy with the app,positive,positive,0.7850697040557861,0.017851613461971283,0.1970786452293396,0.7850697040557861
its better than others,neutral,positive,0.5340377688407898,0.030063526704907417,0.43589872121810913,0.5340377688407898
does not work. in play store not listed as trial .come on adobe you stop down loads from your services now products do not work and listed as free we hen really a trial,negative,negative,0.9344839453697205,0.9344839453697205,0.05264434963464737,0.012871782295405865
almost a good editor,positive,positive,0.6687084436416626,0.02327880822122097,0.3080127239227295,0.6687084436416626
not able to download new <url>,neutral,negative,0.6916422843933105,0.6916422843933105,0.2561742067337036,0.052183497697114944
"so i create a pdf using an adobe program, then send it to my phone to see what it looks like, but it won't open! pretty lame if you ask me.",negative,negative,0.6008602380752563,0.6008602380752563,0.32363638281822205,0.07550341635942459
sometime can't change display picture at asus zenfone <number> . please fix,negative,neutral,0.5418829321861267,0.208312526345253,0.5418829321861267,0.24980449676513672
really nice concept but on android it just keeps hanging and eventually crashing.,negative,neutral,0.5256081223487854,0.04561691731214523,0.5256081223487854,0.42877495288848877
doesn't work on my phone. always error,negative,negative,0.879470705986023,0.879470705986023,0.1015244796872139,0.01900489069521427
slackbot opens every time i start to type a reply in the app. started happening with the last update (note <number> ). why can't we disable slackbot? <number> star until we get this ability.,negative,negative,0.6301908493041992,0.6301908493041992,0.2901274561882019,0.07968169450759888
"complex app that covers all sorts of things related to travelling, maybe too many",positive,positive,0.6400797367095947,0.06137737259268761,0.29854288697242737,0.6400797367095947
great and more awesome,positive,positive,0.8176994919776917,0.05192448943853378,0.13037604093551636,0.8176994919776917
not what i asked for,negative,negative,0.5852876901626587,0.5852876901626587,0.324542373418808,0.0901699885725975
i wish you would show canadian maps,neutral,positive,0.6173015236854553,0.043227944523096085,0.3394705057144165,0.6173015236854553
you don't allow to take in-app screenshots?,neutral,negative,0.6044262647628784,0.6044262647628784,0.3133627474308014,0.08221091330051422
how about date birth,negative,neutral,0.39627382159233093,0.2939331531524658,0.39627382159233093,0.30979296565055847
"works great, other then not being able to delete content directly from phone.",neutral,positive,0.497883677482605,0.04753025621175766,0.45458608865737915,0.497883677482605
can't copy/paste or add keyboard to android,negative,neutral,0.551784336566925,0.2970184087753296,0.551784336566925,0.15119731426239014
can't even create a account tried more than <number> times,negative,negative,0.7906910181045532,0.7906910181045532,0.1727931648492813,0.03651579096913338
fast and good but missing features.,neutral,positive,0.6679690480232239,0.019363949075341225,0.31266698241233826,0.6679690480232239
cannot get rid of floating head in my messages and it's driving me mad. i've had to uninstall the app to get rid of it &gt;:-/,negative,negative,0.7970543503761292,0.7970543503761292,0.16953681409358978,0.033408910036087036
"love this app. i use it to study, but i answered a phone call and it wilted my tree. i can't really help when i receive phone calls. this one had to be answered and now i have to look at a wilted tree in my beautiful forest. i am upsetti spaghetti since i'm a perfectionist",positive,positive,0.7270205020904541,0.053189966827631,0.21978957951068878,0.7270205020904541
this app is slowly work,neutral,neutral,0.4005710482597351,0.32797953486442566,0.4005710482597351,0.27144938707351685
no instructions on how to delete files/pages viewed.,neutral,negative,0.4663756787776947,0.4663756787776947,0.42440876364707947,0.10921550542116165
it helps a lot.,positive,positive,0.7581869959831238,0.020675916224718094,0.221137136220932,0.7581869959831238
"need to improve performance, usablity, and <url>",neutral,positive,0.4579559564590454,0.0896216630935669,0.45242244005203247,0.4579559564590454
multiple image share option is missing,neutral,neutral,0.5175828337669373,0.16730128228664398,0.5175828337669373,0.31511592864990234
"i like the functions, but",neutral,positive,0.5732184052467346,0.026736577972769737,0.4000450074672699,0.5732184052467346
why don't you just block us all?! =d =d =d,negative,negative,0.7418010234832764,0.7418010234832764,0.20934857428073883,0.0488504096865654
easy to find hotel,neutral,positive,0.8056521415710449,0.027453262358903885,0.1668945997953415,0.8056521415710449
"if unexpected crashes negleted, it is so far the <signature>",positive,neutral,0.5056599378585815,0.22504006326198578,0.5056599378585815,0.26930001378059387
used to love it,negative,negative,0.6592326164245605,0.6592326164245605,0.2561066746711731,0.08466070145368576
"i love this app but with the latest update it died when i used a white listed app, and when i checked my whitelist i couldn't scroll through or change anything which was weird. plz fix this and add more trees!",positive,positive,0.5824401378631592,0.06970243901014328,0.34785744547843933,0.5824401378631592
very good mobile phone photo editor,positive,positive,0.8075159192085266,0.02351985312998295,0.168964222073555,0.8075159192085266
keeps telling u to turn on the access then brings u to the settings page and even aft you check all the boxes doesnt take you back to the app. and continues to keep popping up disrupting phone usage. app doesnt work properly,negative,negative,0.868434488773346,0.868434488773346,0.11053820699453354,0.02102738991379738
app is faster but stucks mobile pleas fix it up,positive,neutral,0.6068049669265747,0.17491336166858673,0.6068049669265747,0.21828165650367737
"should have ""seen"" feature",neutral,neutral,0.5450292825698853,0.14687630534172058,0.5450292825698853,0.30809444189071655
"can not zoom in or out, plis fix",neutral,neutral,0.49179065227508545,0.37688419222831726,0.49179065227508545,0.1313251405954361
nice idea and interface but finding friends doesn't work on android,neutral,neutral,0.6546082496643066,0.059070292860269547,0.6546082496643066,0.2863214612007141
white list is so frustrating!,negative,negative,0.7879427075386047,0.7879427075386047,0.1734851896762848,0.03857213258743286
need <url> saving to gallery issue adding photo issue,neutral,neutral,0.5655792951583862,0.247085839509964,0.5655792951583862,0.18733489513397217
the live doppler doesn't work since i updated,negative,negative,0.8178609013557434,0.8178609013557434,0.15562814474105835,0.02651088684797287
very ugly and difficult to use platform. i do not suggest it. very bad,negative,negative,0.8870903253555298,0.8870903253555298,0.09288585931062698,0.020023809745907784
recent update be unstable and loading so late,neutral,neutral,0.48094642162323,0.3798527121543884,0.48094642162323,0.1392008513212204
would give <number> stars if you blocked the facebook messenger bubble as well,positive,positive,0.4372142255306244,0.12855687737464905,0.43422889709472656,0.4372142255306244
it's a good overall weather app. do miss the traffic cam.,positive,positive,0.6645717024803162,0.02270454168319702,0.3127237558364868,0.6645717024803162
really hard to navigate.,neutral,negative,0.6182442307472229,0.6182442307472229,0.30786678194999695,0.07388899475336075
they don't refund difference if room is cheaper,negative,neutral,0.4562724828720093,0.33568957448005676,0.4562724828720093,0.20803792774677277
"works most of the time. freezes sometimes while trying to open a document, but just restart the app and it's good to go.",positive,neutral,0.5186876654624939,0.057675957679748535,0.5186876654624939,0.42363640666007996
my friend show me it on tumbler it's amazing <signature>,positive,positive,0.801239550113678,0.030410928651690483,0.16834954917430878,0.801239550113678
would of gave it <number> stars if i could. i just figured out that this app was using <number> % of my battery life and i never even use the app. sucks really bad.,negative,negative,0.8233392238616943,0.8233392238616943,0.14044256508350372,0.03621825575828552
"you ruined the icon, we said ok. now you are ruining the background color too. stop changing, no one was complaining!",neutral,negative,0.8108943700790405,0.8108943700790405,0.15096469223499298,0.03814099356532097
should have been a <number> star but why's the android version lacking local adjustments that the ios version has. i can understand that there may be delays among platforms but it's already <number> months behind!,neutral,neutral,0.592075526714325,0.24799470603466034,0.592075526714325,0.15992973744869232
nothing i want from this app,negative,negative,0.7000452876091003,0.7000452876091003,0.22406603395938873,0.07588864117860794
so great until today,negative,positive,0.6369926929473877,0.10819904506206512,0.25480830669403076,0.6369926929473877
it would be nice if it had it on like whatsapp for android but you have to download another app to access that <url> yeah but it's good,positive,positive,0.522089958190918,0.021419111639261246,0.4564909338951111,0.522089958190918
high quality images turns into low quality,neutral,neutral,0.470885306596756,0.33667799830436707,0.470885306596756,0.19243663549423218
"it doesnt work, the screen flashes on and off and it wont open",negative,negative,0.9101784825325012,0.9101784825325012,0.07501734048128128,0.014804174192249775
no retract in options,neutral,negative,0.4361633360385895,0.4361633360385895,0.43171072006225586,0.13212600350379944
last position read somewhat flawed,neutral,neutral,0.4583874046802521,0.36785128712654114,0.4583874046802521,0.17376121878623962
get <number> days free trial. nice. to try it i need to be able to access photos that store to my sd card. i do that so i have room on my phones internal drive. waste of time,negative,negative,0.784378707408905,0.784378707408905,0.17304563522338867,0.04257560893893242
does not support to open pwd protected document,neutral,negative,0.7932050228118896,0.7932050228118896,0.17385847866535187,0.03293655067682266
got rid of the irc gateway. this was why we used slack. uninstalled.,negative,negative,0.9315652251243591,0.9315652251243591,0.05304625257849693,0.01538842637091875
more theme and customization <url>,positive,positive,0.6355032324790955,0.08786273747682571,0.2766340672969818,0.6355032324790955
some items don't work!,neutral,negative,0.7937666177749634,0.7937666177749634,0.1749320924282074,0.031301349401474
map animation still has bug.,negative,neutral,0.5269903540611267,0.3252507746219635,0.5269903540611267,0.14775888621807098
"ignores some files, loads a few others",neutral,negative,0.4560192823410034,0.4560192823410034,0.44267353415489197,0.10130715370178223
it's not as good as it used to be,neutral,neutral,0.593639612197876,0.2800133526325226,0.593639612197876,0.12634703516960144
"good, but needs things",positive,neutral,0.5489386916160583,0.02309921756386757,0.5489386916160583,0.4279620945453644
not working properly on samsung galaxy a <number> .,negative,negative,0.8386504054069519,0.8386504054069519,0.13733354210853577,0.0240161195397377
views pdfs better then stock app but it doesn't see pdf's on sd card,negative,neutral,0.6441609263420105,0.11647872626781464,0.6441609263420105,0.23936040699481964
no way to get rid of ads on terrible screen layout.,negative,negative,0.8692893981933594,0.8692893981933594,0.10642775148153305,0.024282747879624367
required an account. i want an app to edit pictures on my phone. the online storage and synchronization should be an optional feature; not a requirement.,negative,neutral,0.5394694209098816,0.2957611680030823,0.5394694209098816,0.16476942598819733
ok with local weather love the thunder part of the app,positive,positive,0.5681284666061401,0.030071280896663666,0.4018002152442932,0.5681284666061401
trivago the tru app,neutral,positive,0.3472873866558075,0.3294307589530945,0.3232818841934204,0.3472873866558075
add a floating notification,positive,neutral,0.43348804116249084,0.2647390365600586,0.43348804116249084,0.30177292227745056
why i can not share video on bbm group; too many update but no significant effect,negative,neutral,0.5727417469024658,0.2745935320854187,0.5727417469024658,0.15266472101211548
limited options for search,negative,neutral,0.6582803726196289,0.12367933988571167,0.6582803726196289,0.2180403172969818
good for messaging not for calls,neutral,positive,0.5596537590026855,0.03055744059383869,0.4097887873649597,0.5596537590026855
"it's available when i need it and it's more accurate than other weather apps i've tried. update(jan <number> ) <url> recent california winter has been crazy, and frankly this app has let me down with inaccurate forecasts for most of it. comparatively, the google now app is more accurate. maybe the sensors in my area are just bad. when it's fixed, i revisit my review.",neutral,neutral,0.5641440749168396,0.11016786098480225,0.5641440749168396,0.32568803429603577
you could add a bit more features. birthmarks scars moles etc,positive,positive,0.4905030131340027,0.06245112419128418,0.4470459222793579,0.4905030131340027
i am using it before <number> years,positive,negative,0.4023648202419281,0.4023648202419281,0.3424111306667328,0.2552240192890167
like many sites if you visit a chosen hotel more than once or twice the price rises!,neutral,positive,0.7420805096626282,0.045950379222631454,0.21196909248828888,0.7420805096626282
amazing experience so far with this. iam being familiar with it.,positive,positive,0.8245517611503601,0.04902361333370209,0.1264246553182602,0.8245517611503601
doesn't save properly half the time and definitely could use some more filters.,negative,neutral,0.6459347009658813,0.10061395168304443,0.6459347009658813,0.2534513473510742
why is the iphone app so much better!,negative,neutral,0.45958614349365234,0.3704502582550049,0.45958614349365234,0.16996356844902039
"browser not opening sites, it just ideal.",negative,neutral,0.5269629955291748,0.07354129105806351,0.5269629955291748,0.3994957208633423
"continuous crashing, won't even open now.",negative,negative,0.9165772199630737,0.9165772199630737,0.06497205793857574,0.018450776115059853
they forced me to rate them so i docked a star.,neutral,negative,0.9178977608680725,0.9178977608680725,0.0631147101521492,0.018987558782100677
lame. doesnt work for samsung intercept,negative,negative,0.9155794978141785,0.9155794978141785,0.06966177374124527,0.014758724719285965
of mice and man,negative,negative,0.4802837371826172,0.4802837371826172,0.29993170499801636,0.21978457272052765
only thing missing is custom notification,positive,neutral,0.43729153275489807,0.28312626481056213,0.43729153275489807,0.2795821726322174
video cant open after click tha video,negative,negative,0.5793123841285706,0.5793123841285706,0.3468109667301178,0.07387661188840866
weather animation has stopped and will not start. has been off nearly <number> weeks.,negative,negative,0.6975957751274109,0.6975957751274109,0.24828526377677917,0.05411899834871292
"i just came here because this app was featured on silicon valley, looks like a great app with an attractive interface.",positive,positive,0.7733396291732788,0.04988764971494675,0.17677271366119385,0.7733396291732788
it's okay except for i have a lg phone and it doesn't work that well with the lg phone,positive,neutral,0.7489809393882751,0.0648600161075592,0.7489809393882751,0.18615908920764923
cannot open or detect image file imported from nikon <number> j <number> camera which has .jpeg <url> i had to convert it first or use another photo app editing and save <url> so lightroom could detect the file <url>,neutral,negative,0.5727407336235046,0.5727407336235046,0.3542497158050537,0.07300952821969986
having trouble downloading the app,negative,neutral,0.4470299482345581,0.43702638149261475,0.4470299482345581,0.11594374477863312
i can't sent it through my messages to my contacts. only through facebook and that is absolutely ridiculous. this app sucks,negative,negative,0.9268509149551392,0.9268509149551392,0.058134693652391434,0.015014433301985264
very quickly reservation done.,positive,positive,0.5492854714393616,0.15226714313030243,0.2984474003314972,0.5492854714393616
<salutation> please give setting to turn it off,negative,positive,0.3992127776145935,0.2292240709066391,0.3715631067752838,0.3992127776145935
fantastic app to track lighting! the rest of the app is the same as any other really. but in fairness i do not use the rest of the app.,positive,positive,0.7360864877700806,0.04421784728765488,0.21969568729400635,0.7360864877700806
service is good but app is not much android oriented,neutral,neutral,0.6726164221763611,0.057884540408849716,0.6726164221763611,0.2694990336894989
this app is better,neutral,neutral,0.4285780191421509,0.21631203591823578,0.4285780191421509,0.3551099896430969
the improvement are a lot better but it would be nice to be able to send large mp <number> or mp <number> files via bbm.,positive,positive,0.5836633443832397,0.023897968232631683,0.39243870973587036,0.5836633443832397
viuggg hang with my life in your help me a lot and then you have any attachments may contain information contained herein including attachments if it would love the way i will have been sent me a new one day i was thinking about my life in your,positive,neutral,0.44806334376335144,0.1244998499751091,0.44806334376335144,0.4274367392063141
can't get to work for motorola droid,negative,negative,0.8304077386856079,0.8304077386856079,0.14487266540527344,0.024719566106796265
bad for the aap is hanging,neutral,negative,0.8521939516067505,0.8521939516067505,0.11737597733736038,0.03042999468743801
its really <url> though remove the trial days remaining,positive,neutral,0.49162817001342773,0.2216399759054184,0.49162817001342773,0.28673189878463745
horrible radar. constant storm alerts with no storms around,negative,negative,0.9151582717895508,0.9151582717895508,0.06309372186660767,0.021747954189777374
cool idea pain da butt to use then at times wont work <url>,negative,negative,0.6148830056190491,0.6148830056190491,0.3135608732700348,0.07155609130859375
new update v <number> . <number> crashes all the time,positive,negative,0.8251575827598572,0.8251575827598572,0.14038771390914917,0.03445476293563843
"it's okay (at least, freebies now included) <url>",neutral,neutral,0.6962100863456726,0.041066113859415054,0.6962100863456726,0.26272380352020264
only <number> stars since it will not let me delete any files. please fix.,neutral,neutral,0.5470497608184814,0.25220179557800293,0.5470497608184814,0.20074839890003204
does what it is supposed to do and does it well.,positive,positive,0.6405014395713806,0.06126301735639572,0.2982354760169983,0.6405014395713806
"very useful, but has a few annoyances",positive,positive,0.7579753994941711,0.016300750896334648,0.22572386264801025,0.7579753994941711
can't download <url>,negative,negative,0.7740770578384399,0.7740770578384399,0.191985622048378,0.033937349915504456
"generally a good pdf viewer. i love the reading mode that reflow text and adjust font for better reading experience. the only problem, or i should call it a bug, is that it seems like this mode hates to see <number> letters ""f"" & ""i"" being together. for words like ""find"", ""first"", ""prefix"", etc. you will see only ""nd"", ""rst"", ""prex"", etc.",positive,positive,0.7413105368614197,0.03153766319155693,0.22715173661708832,0.7413105368614197
no support for paid ad-free version,neutral,negative,0.7328352332115173,0.7328352332115173,0.22051189839839935,0.0466528944671154
i like this app,positive,positive,0.8207324743270874,0.023665621876716614,0.1556018590927124,0.8207324743270874
used to use it for studying but after reacent update it won't open. please fix,neutral,negative,0.5658628344535828,0.5658628344535828,0.3379840552806854,0.09615308791399002
last update is a disaster,negative,negative,0.8527252674102783,0.8527252674102783,0.10951352119445801,0.03776125982403755
would be better if emoji's didn't disappear when new ones are added,neutral,neutral,0.5161070227622986,0.03755507618188858,0.5161070227622986,0.4463379383087158
good for basic stuff,neutral,positive,0.7027701139450073,0.01985776238143444,0.2773720920085907,0.7027701139450073
fun but android needs more options!!,neutral,positive,0.6609857082366943,0.026318823918700218,0.3126955032348633,0.6609857082366943
"the usual mediocre bare bone pdf reader from adobe, totally lacking in functionality. repligo reader is better",negative,neutral,0.5141197443008423,0.3819042444229126,0.5141197443008423,0.10397602617740631
stays open in background,negative,neutral,0.4765678942203522,0.2782442271709442,0.4765678942203522,0.24518784880638123
it's actually helpful.,positive,positive,0.6664947867393494,0.020743053406476974,0.31276214122772217,0.6664947867393494
good enough and satisfied result <url> its quite good aap,neutral,positive,0.7787841558456421,0.01755581982433796,0.2036600410938263,0.7787841558456421
why songs are not downloading from the websites. there is always showing error. whenever i download some song. pls fix this bugg,neutral,negative,0.4957539439201355,0.4957539439201355,0.41124194860458374,0.09300404787063599
booking is simple and straight forward.,positive,positive,0.6033962368965149,0.055359408259391785,0.3412443995475769,0.6033962368965149
"a really good and practical app, however like every other app it still has room for improvement!",positive,positive,0.8440191149711609,0.018055139109492302,0.13792572915554047,0.8440191149711609
excellent pdf viewer rendered unusable by the inability to jump to a page and by the fact that it doesn't remember where you were or bookmarks.,negative,neutral,0.5114640593528748,0.15647342801094055,0.5114640593528748,0.3320625424385071
good site but still faceing issue with hotel even we confirm through app,positive,positive,0.4887180030345917,0.028477711603045464,0.4828043282032013,0.4887180030345917
it took forever to download,neutral,negative,0.5739554166793823,0.5739554166793823,0.29032397270202637,0.13572059571743011
i've started using the lightroom camera to take all my photos in raw (dng) and i've noticed today that while out at <number> : <number> on <number> / <number> / <number> and taking pictures the time and date stamp on the images says <number> : <number> <number> / <number> / <number> . what's all that about? i can't change it so where does it get it's info from? also the preview does not show the correct colour. it does when using the slider but as soon as i let it go the image reverts back to a almost black and white.,neutral,neutral,0.5043059587478638,0.35489287972450256,0.5043059587478638,0.14080120623111725
it's cute for younger people but i use it some. i'm <number> yrs old.,positive,positive,0.6385517120361328,0.02715013362467289,0.33429813385009766,0.6385517120361328
"i had login throught google + <url> but i changed my mind and wanted to login through <url> so, i logged out !!! now, i cannot login back. the app is going back to registration page with the option to login to facebook !!! please look into the solution for this !",neutral,negative,0.8464378714561462,0.8464378714561462,0.12518443167209625,0.028377695009112358
please could we have the option to install to sd card. what is the point in having a large sd card if it doesn't even get used,negative,neutral,0.5378881692886353,0.11081063002347946,0.5378881692886353,0.3513011634349823
wont open at all,negative,negative,0.8286672234535217,0.8286672234535217,0.1403311789035797,0.031001683324575424
good stickers allow users to express better. how come i cannot use bbm calls?,neutral,positive,0.642571747303009,0.036367181688547134,0.32106107473373413,0.642571747303009
why pr have no radar????,negative,negative,0.496378630399704,0.496378630399704,0.3711218237876892,0.13249951601028442
before it can connect even the signal is weak now it needs more signal to connect,neutral,neutral,0.4895181953907013,0.36551633477211,0.4895181953907013,0.14496545493602753
radar maps are all wrong,negative,negative,0.517712414264679,0.517712414264679,0.37009119987487793,0.11219640076160431
it is fast downloading app,positive,positive,0.7445395588874817,0.029888853430747986,0.22557158768177032,0.7445395588874817
make it a zoo or fish tank,positive,positive,0.5635483860969543,0.04980708658695221,0.386644572019577,0.5635483860969543
waah!!! so nice app,positive,positive,0.820959210395813,0.03264032304286957,0.14640046656131744,0.820959210395813
why pay that price for tablet use,negative,negative,0.6007428765296936,0.6007428765296936,0.2879643440246582,0.1112927496433258
good bit doesn't have the choices in search section for type of rooms such as not-smoking or soundproof ones or double-room etc.,positive,neutral,0.6309394240379333,0.05866694822907448,0.6309394240379333,0.3103936016559601
too slow at times,neutral,neutral,0.4773729145526886,0.1540774554014206,0.4773729145526886,0.368549644947052
it's very easy to use and all types of format documents easily opened,positive,positive,0.8366597294807434,0.02150455303490162,0.14183568954467773,0.8366597294807434
can not sign in,negative,negative,0.7214375734329224,0.7214375734329224,0.23320485651493073,0.045357588678598404
it makes team communication highly open and accessible,positive,positive,0.833740770816803,0.032442204654216766,0.1338169425725937,0.833740770816803
when message is being sent it takes time to be received,neutral,neutral,0.5145452618598938,0.32088738679885864,0.5145452618598938,0.16456738114356995
pretty accurate for the most part i think,positive,positive,0.8181247711181641,0.017224537208676338,0.16465067863464355,0.8181247711181641
spark is about the only good thing,neutral,neutral,0.4320550560951233,0.18127907812595367,0.4320550560951233,0.38666588068008423
broke the upload photo feature,negative,negative,0.6273046135902405,0.6273046135902405,0.29019448161125183,0.0825008824467659
best app but suggest download stop,positive,neutral,0.5386411547660828,0.037897296249866486,0.5386411547660828,0.42346155643463135
some hotels are a bit shady,neutral,neutral,0.6191839575767517,0.13230445981025696,0.6191839575767517,0.24851156771183014
its fun to see you're own emoji !,neutral,positive,0.7425826191902161,0.02678389474749565,0.23063349723815918,0.7425826191902161
its not so great as i expected it to be,neutral,neutral,0.6404025554656982,0.16585978865623474,0.6404025554656982,0.19373765587806702
keeps going down n the ads r anoying,negative,negative,0.4909113645553589,0.4909113645553589,0.3981539011001587,0.11093473434448242
it was good enough until i can't change my display picture,negative,positive,0.500648558139801,0.035818491131067276,0.4635329842567444,0.500648558139801
it's a trial. editing feature not impressive.,positive,neutral,0.5877586007118225,0.21971702575683594,0.5877586007118225,0.19252441823482513
love it <url> great job <url>,neutral,positive,0.8226954936981201,0.03852938860654831,0.13877512514591217,0.8226954936981201
used to be good,negative,negative,0.7073445320129395,0.7073445320129395,0.22631627321243286,0.06633922457695007
very good and useful app,positive,positive,0.8671085834503174,0.02482481673359871,0.1080666035413742,0.8671085834503174
"the app will no longer let me delete locations. uninstalled, and reinstalled and they are still there. frustrating.",neutral,negative,0.9040629863739014,0.9040629863739014,0.0773191824555397,0.018617860972881317
"buggy, ambigue and less features",negative,neutral,0.6183546185493469,0.13997332751750946,0.6183546185493469,0.2416720986366272
"this has helped my productivity a lot. i've only recently started experiencing issues with it. before, the app used to count extra time i went without using my phone even after the <number> min mark. it was really gratifying to see how much longer i was able to last + it contributed to my forest and my overall focus count. but now it isn't doing that? so it kind of discourages me from continuing to work past the sound of the timer even if i feel like i could. if it's possible, please do something about that.",neutral,neutral,0.5727280974388123,0.16429847478866577,0.5727280974388123,0.2629733979701996
"zooming slow, okay otherwise",neutral,neutral,0.6776257157325745,0.09416572004556656,0.6776257157325745,0.22820861637592316
"fix zoom in attached images! it doesn't work first <number> seconds the image open, and for gif it doesn't work at all. and is that tat hard to add rotation you've ""planned to add"" a year ago? where's a font size setting or guesture scale sor chat?",neutral,negative,0.5577239990234375,0.5577239990234375,0.3724920153617859,0.06978399306535721
when will the local adjustments tool be disponible for android users?? hope it's included on the next actualization !!,positive,neutral,0.5199444890022278,0.148111954331398,0.5199444890022278,0.3319435119628906
just started using it !,positive,negative,0.4695760905742645,0.4695760905742645,0.30565351247787476,0.22477038204669952
so cute. wish it were easier to access via other apps,positive,positive,0.696567177772522,0.03328612074255943,0.2701466679573059,0.696567177772522
really like the way this app has evolved from it's first version. please add android wear notification service asap. its really easy to add and people are badly missing it.,positive,positive,0.791672945022583,0.02507629431784153,0.18325069546699524,0.791672945022583
"good on mobile devices ,simply good on move",positive,positive,0.7640627026557922,0.017569730058312416,0.21836750209331512,0.7640627026557922
need to avoid unwanted ads and also enhance the downloading speed. overall nice app.,positive,positive,0.8005022406578064,0.020029643550515175,0.17946811020374298,0.8005022406578064
"i really like this app and is what i go to when i start loosing concentration. i wish there were more stats and plant types, also more beautifully animated and things that change <url>",positive,positive,0.8393794298171997,0.023134829476475716,0.13748568296432495,0.8393794298171997
was <url> now radar broken,negative,negative,0.6390337347984314,0.6390337347984314,0.24401915073394775,0.11694708466529846
booking bait and switch,negative,negative,0.7740804553031921,0.7740804553031921,0.16170364618301392,0.06421583145856857
this seems like it would be cool,negative,neutral,0.6166595816612244,0.05661847069859505,0.6166595816612244,0.32672199606895447
cannot see my photo's on device,negative,negative,0.5044081807136536,0.5044081807136536,0.41607847809791565,0.07951341569423676
so far so good!! i love it.,positive,positive,0.8590418696403503,0.03645247966051102,0.10450570285320282,0.8590418696403503
"such an intrusive browser, coming from china. it can't be trusted with your online activities. indians, be aware.",negative,negative,0.7833764553070068,0.7833764553070068,0.17271555960178375,0.04390798136591911
hi i download this app he is the very good app,positive,positive,0.770182192325592,0.04558543860912323,0.18423238396644592,0.770182192325592
where is the download process,positive,neutral,0.36676862835884094,0.3382122218608856,0.36676862835884094,0.29501914978027344
brill so easy to use,positive,positive,0.7155400514602661,0.03250976651906967,0.25195014476776123,0.7155400514602661
the app isn't working on the note <number> . i'll update my review if/when it works.,negative,negative,0.7533376216888428,0.7533376216888428,0.20626288652420044,0.04039955511689186
"""you have cancelled your entire <url> ""???",negative,negative,0.8821776509284973,0.8821776509284973,0.09458453953266144,0.023237820714712143
it good for local german reports nearly as good as <url>,positive,positive,0.6978885531425476,0.021221134811639786,0.28089025616645813,0.6978885531425476
does what i need it to,neutral,positive,0.5034416913986206,0.12326382100582123,0.373294472694397,0.5034416913986206
it's good for communication,neutral,positive,0.7372439503669739,0.017115885391831398,0.24564020335674286,0.7372439503669739
it sometimes sends the wrong <url>,neutral,neutral,0.47251713275909424,0.3932420611381531,0.47251713275909424,0.13424082100391388
please add the feature of sharpen and blur,neutral,positive,0.6691502928733826,0.03527436405420303,0.295575350522995,0.6691502928733826
notifications aren't working???,positive,negative,0.6058196425437927,0.6058196425437927,0.3104131817817688,0.08376719802618027
lag while zoom in/out,positive,neutral,0.5598642230033875,0.18940195441246033,0.5598642230033875,0.2507338225841522
had some slowness issues?,positive,neutral,0.5426149964332581,0.2598104178905487,0.5426149964332581,0.19757455587387085
awesome app one of the <signature>,positive,positive,0.8286438584327698,0.039746325463056564,0.13160981237888336,0.8286438584327698
it does great and gives accurate weather information,positive,positive,0.8488331437110901,0.021811872720718384,0.12935493886470795,0.8488331437110901
bogus . there are several aps much useful,negative,neutral,0.5214695930480957,0.30458545684814453,0.5214695930480957,0.17394499480724335
'no notifications' doesn't work.,negative,negative,0.9136768579483032,0.9136768579483032,0.07151827961206436,0.014804916456341743
great app for managing hotel reservations on the go. it's also nice to earn rewards for frequent stays. i think this is the <signature>,positive,positive,0.8640599250793457,0.02569688856601715,0.11024325340986252,0.8640599250793457
app keeps crashing. unable to open after latest update.,positive,negative,0.895834743976593,0.895834743976593,0.08298923820257187,0.021176034584641457
always update but nothing improve,neutral,neutral,0.6562578082084656,0.0920376107096672,0.6562578082084656,0.2517045736312866
"great concept, poor implementation",neutral,negative,0.5687701106071472,0.5687701106071472,0.34345024824142456,0.08777962625026703
contact picture not show.,negative,neutral,0.46801823377609253,0.40472766757011414,0.46801823377609253,0.12725414335727692
canon cr <number> support please,neutral,neutral,0.3858943283557892,0.24513816833496094,0.3858943283557892,0.36896756291389465
this thing is a trap! it will take your money,negative,negative,0.9010704159736633,0.9010704159736633,0.07432951033115387,0.024600094184279442
"the icon re-design is a tremendous eye-sore more fit to be the face of a pharmaceutical firm, and they didnt put any extra effort into making the app on any of the platforms, leaving gaps in design. no dark mode, no voip, no collapsing the sidebar on ios or windows. i use it because my friends do.",negative,neutral,0.5011643171310425,0.20419196784496307,0.5011643171310425,0.29464367032051086
"just need an option to mute notifications (some of us work different timezones and like sleep), other than that it works pretty well!",positive,positive,0.5599039196968079,0.029715871438384056,0.41038018465042114,0.5599039196968079
good for net work download,positive,positive,0.7990776300430298,0.018566468730568886,0.18235597014427185,0.7990776300430298
i want this feature,positive,positive,0.5212695002555847,0.10815472900867462,0.37057575583457947,0.5212695002555847
content rating: low maturity,positive,negative,0.4577246904373169,0.4577246904373169,0.4527168869972229,0.08955840021371841
this application doesn't work in my handphone,negative,negative,0.9173668622970581,0.9173668622970581,0.06867680698633194,0.013956399634480476
slack chat is good,positive,neutral,0.49981802701950073,0.04785144701600075,0.49981802701950073,0.4523305296897888
i find the user experience superior to other apps.,positive,positive,0.7134655714035034,0.05182838812470436,0.23470604419708252,0.7134655714035034
"great app, needs better ui on reviews",neutral,positive,0.8484823107719421,0.03057301975786686,0.12094464153051376,0.8484823107719421
great new camera in-app,positive,positive,0.7562529444694519,0.08179685473442078,0.1619502305984497,0.7562529444694519
would be <number> <url>,negative,neutral,0.4136432409286499,0.2631402611732483,0.4136432409286499,0.3232164680957794
it's a good application,neutral,positive,0.7435588836669922,0.01628769189119339,0.24015341699123383,0.7435588836669922
"five star service, two star app",negative,positive,0.428018718957901,0.324156254529953,0.24782498180866241,0.428018718957901
everytime my phone went on sleep it killed the tree and became completely pointless because i would've had to tap my phone every <number> seconds to keep it from locking and killing the tree.,negative,negative,0.8931378722190857,0.8931378722190857,0.08598118275403976,0.020880939438939095
bbm isnt the <signature>,neutral,negative,0.5356265306472778,0.5356265306472778,0.3528743088245392,0.11149917542934418
can you please give a little speed more on download,neutral,positive,0.5893408060073853,0.040966957807540894,0.36969223618507385,0.5893408060073853
need support for .cr <number> format,positive,neutral,0.5420858263969421,0.11136730760335922,0.5420858263969421,0.34654682874679565
"unecessarily complicated and cumbersome. it's so difficult to create new workspaces and move people from one to another. if you don't have someone's email address memorized, good luck! this app has a long way to go to be truly useful every day. in addition to the above, notifications are a bit of a nightmare. i've missed out on a lot of critical messages because notifications just don't work when they need to. i've run out of room for feedback but i could go <url>",negative,neutral,0.4597894251346588,0.4300347864627838,0.4597894251346588,0.11017578095197678
i'm surprised hdr is not supported on the huawei nexus <number> p. i realize it is isn't as new as the pixels but it's still a pretty fast phone.,neutral,neutral,0.6016178727149963,0.11429471522569656,0.6016178727149963,0.2840873599052429
where is the bookmarks?,neutral,negative,0.4427269697189331,0.4427269697189331,0.40557861328125,0.15169449150562286
"love this app, developers have been brilliant at fixing bugs and the feedback system is great!",neutral,positive,0.8424232602119446,0.039452340453863144,0.11812437325716019,0.8424232602119446
i want to give this app <number> <url>,negative,negative,0.47269222140312195,0.47269222140312195,0.32656991481781006,0.20073789358139038
cant even sign in or sign up,negative,negative,0.7786619663238525,0.7786619663238525,0.18823759257793427,0.033100392669439316
"very nice weather app. would like to see more detail on air quality, pollen, etc",positive,positive,0.8393217325210571,0.020873600617051125,0.1398046761751175,0.8393217325210571
simple to use. nice option to search via map,positive,positive,0.8253786563873291,0.017716137692332268,0.1569051891565323,0.8253786563873291
what a huge step backwards for useability.,negative,positive,0.5633021593093872,0.1874958723783493,0.24920198321342468,0.5633021593093872
it is what it is!,neutral,negative,0.46564123034477234,0.46564123034477234,0.3240842819213867,0.21027451753616333
"+pinch zoom, +++reflow text, --render speed on scroll, ---should find all pdf including dowloaded by browser, --no search, ---no images in reflow",negative,negative,0.48137304186820984,0.48137304186820984,0.4264736473560333,0.09215328097343445
this app keeps killing my tree whenever i off my <url> this is so bad. i ended up kore time restarting the timer.,negative,negative,0.8706213235855103,0.8706213235855103,0.10370092839002609,0.025677695870399475
website offers better and more search options.,negative,positive,0.6467065811157227,0.057795003056526184,0.29549840092658997,0.6467065811157227
i love this browser,positive,positive,0.7656440734863281,0.06485137343406677,0.1695045679807663,0.7656440734863281
not always perfectly accurate. i like the hourly forecast.,positive,positive,0.5753017067909241,0.03898865357041359,0.385709673166275,0.5753017067909241
mobile notifications not working,neutral,negative,0.8045932054519653,0.8045932054519653,0.16223423182964325,0.0331726111471653
cannot unlock password protected ebooks. can't even interact with links or buttons. worthless for password protected ebooks.,negative,negative,0.9264184832572937,0.9264184832572937,0.058697476983070374,0.014884009957313538
this app is an nice good for everything i need but they are problems u must fix,positive,positive,0.6452118158340454,0.027740292251110077,0.3270479142665863,0.6452118158340454
getting worse than before,neutral,negative,0.5621666312217712,0.5621666312217712,0.344021201133728,0.0938122346997261
it's easier and efficient,positive,positive,0.7620208263397217,0.019038891419768333,0.21894027292728424,0.7620208263397217
"what the mobile developers do not understand is: do not ever ever change the application icon! the icon shape and color are used to quickly identify an app between other dozen apps. that's how the brain works! moreover, an update only for the app icon? where is the video recording option? i use slack daily (it's the main chat / video conferencing solution where i work) and you can simply cannot record meetings!",negative,negative,0.5866115093231201,0.5866115093231201,0.337941437959671,0.07544706761837006
"cute and accurate, but no long hair",neutral,positive,0.7930610775947571,0.019919458776712418,0.1870194971561432,0.7930610775947571
used to work. not anymore,negative,negative,0.824720561504364,0.824720561504364,0.1386754810810089,0.036603983491659164
an outstanding way of communication with the team.,positive,positive,0.8550410270690918,0.03644068166613579,0.10851830989122391,0.8550410270690918
internet is better than this because,neutral,neutral,0.4353296756744385,0.15632137656211853,0.4353296756744385,0.408348947763443
"sucks. force close, pdf never opens. htc hero.",negative,negative,0.9289178848266602,0.9289178848266602,0.05446518212556839,0.016616860404610634
"i like it just wish tht we had more choices for the avatar and the body shapes were more womenly, besides that i think it's great!",neutral,positive,0.7887231111526489,0.022176649421453476,0.18910029530525208,0.7887231111526489
was great when it worked,negative,neutral,0.40469905734062195,0.22065654397010803,0.40469905734062195,0.37464439868927
update has ruined functionality. now difficult to search rooms for <number> people etc. terrible terrible terrible!,negative,negative,0.9317915439605713,0.9317915439605713,0.052013758569955826,0.016194740310311317
would like it better if you could use this app in fb <url>,neutral,positive,0.6320719718933105,0.024253468960523605,0.34367457032203674,0.6320719718933105
great app with potential.,positive,positive,0.8492625951766968,0.03679729253053665,0.11394014209508896,0.8492625951766968
handles small pdf files really well. needs bookmarks.,neutral,positive,0.4785146117210388,0.0464213527739048,0.4750639796257019,0.4785146117210388
why not a mobile web version ??!!?!,negative,negative,0.6924593448638916,0.6924593448638916,0.225600466132164,0.08194021135568619
"i love this app, the ui is nice and smooth, no bugs what-so-ever, and it knows when i press the home button and enter another app. (turn on advanced something in the settings) looks very smooth, and it works as it should! the problem is, i can't lock my phone without killing the tree, and it wastes the battery. that's pretty much my only complaint! (i'm fairly new to the app, and i heard that when your forest gets full, that you can't put in anymore trees. if so, please let the forest expand as well.)",positive,positive,0.7910182476043701,0.03536077216267586,0.1736210137605667,0.7910182476043701
i was addicted to game and other stuff my personal work ratio was too down and this app really help <url> !,positive,neutral,0.4366830587387085,0.24057558178901672,0.4366830587387085,0.3227413594722748
stuck in update mode,negative,negative,0.573617696762085,0.573617696762085,0.33483731746673584,0.09154505282640457
while downloading music it goes to play store .,neutral,negative,0.47856757044792175,0.47856757044792175,0.3865891993045807,0.13484318554401398
can't append it to sd card when updated in htc wildfire,negative,negative,0.479113906621933,0.479113906621933,0.43324342370033264,0.08764274418354034
free emoticons are <url> good,neutral,neutral,0.49174031615257263,0.04653632640838623,0.49174031615257263,0.4617233872413635
"i could plant the tree while watching youtube , no different than clash of clans",negative,neutral,0.4866887331008911,0.131410151720047,0.4866887331008911,0.3819010853767395
bbm cant connect properly,negative,negative,0.5639399886131287,0.5639399886131287,0.3607497811317444,0.07531015574932098
"it would be cooler if you could mix and match the pants, shoes, shirts, jackets, etc. instead of having to choose from predetermined outfits. i want to make my own outfit!",positive,positive,0.5157647728919983,0.053691715002059937,0.430543452501297,0.5157647728919983
"works fine, too many ads",positive,positive,0.6831950545310974,0.03528527542948723,0.28151965141296387,0.6831950545310974
they okay good on the <number> day forecast.!,neutral,positive,0.7125359773635864,0.025481509044766426,0.26198244094848633,0.7125359773635864
"when it works, it's good. but far too many crashes on my galaxy tab s <number> .",neutral,neutral,0.5415668487548828,0.02548620104789734,0.5415668487548828,0.43294697999954224
terrible it now no longer works the way it used to. it was the <signature>,negative,negative,0.9271299839019775,0.9271299839019775,0.057222653180360794,0.01564735546708107
push notifications not reliable,positive,neutral,0.46777206659317017,0.4251975417137146,0.46777206659317017,0.10703044384717941
went out and can't access it ny more. what happened. says i have <number> go thru fb or my email and i have <number> sign up and in wen i've been using it <number> the past <number> months. what happened!,neutral,negative,0.8843037486076355,0.8843037486076355,0.09432794898748398,0.02136828564107418
to set a profile picture is very frustrating as the current set up/method cuts out most of the picture. this really should be adjusted.,neutral,neutral,0.5633270740509033,0.26259225606918335,0.5633270740509033,0.17408065497875214
i liked <url> this is very useful,positive,positive,0.8038937449455261,0.024721015244722366,0.171385258436203,0.8038937449455261
if your not using this to book your loosing out,neutral,negative,0.547366201877594,0.547366201877594,0.3497203588485718,0.10291345417499542
"the app keeps asking me to rate it despite me constantly telling it ""no"" so i'm rating it <number> star out of spite and partially because they don't actually follow the choices they give you.",negative,negative,0.43272292613983154,0.43272292613983154,0.4293510317802429,0.13792605698108673
"uc browser is a fantastic browser application. the team behind the creation of this application have all done a wonderful job. keep it up as you continue to improve upon this great application. however, i wish to suggest that option to be able to send applications in speed mode { facebook, twitter etc} to phone desktop/home screen be incorporated into this application. secondly, make it possible to be able to select and set desired audio file as alert tones for applications like facebook etc. we therefore look forward to seeing these options in your next update sir. <signature>",neutral,positive,0.8257480263710022,0.036175839602947235,0.13807612657546997,0.8257480263710022
"battery drain, battery drain, battery drain",negative,negative,0.6789910197257996,0.6789910197257996,0.2539771795272827,0.06703183054924011
won't open raw files,negative,negative,0.8696972131729126,0.8696972131729126,0.10746411234140396,0.022838659584522247
force closes on samsung moment w/android v <number> . <number>,negative,negative,0.6212639212608337,0.6212639212608337,0.2710193395614624,0.10771673917770386
not as good as desktop app .too slow while navigaring to different channels amd personal chats.,neutral,neutral,0.5989775061607361,0.2927061915397644,0.5989775061607361,0.1083163246512413
weather is nice and shows precipitation also,positive,positive,0.6786925792694092,0.022227665409445763,0.2990797758102417,0.6786925792694092
"won't let me add locations, other than that, works well.",neutral,neutral,0.5889232158660889,0.10422205924987793,0.5889232158660889,0.3068547248840332
note <number> <url> of nov <number> th.,negative,neutral,0.41474032402038574,0.3529501259326935,0.41474032402038574,0.23230957984924316
rooms sold not always available,neutral,neutral,0.45299550890922546,0.381856232881546,0.45299550890922546,0.16514825820922852
please add a feature!,neutral,positive,0.6830755472183228,0.04446670413017273,0.2724577784538269,0.6830755472183228
so many ads r coming i hate this app,negative,negative,0.8996905088424683,0.8996905088424683,0.07953212410211563,0.020777365192770958
it does what it's supposed to.,positive,neutral,0.47904539108276367,0.2160162627696991,0.47904539108276367,0.30493831634521484
it really sucks that disabling wysisyg in the settings does not work. i want my input freedom.,negative,negative,0.8288270235061646,0.8288270235061646,0.14106746017932892,0.03010556660592556
it's a decent app,positive,positive,0.6585347056388855,0.023759275674819946,0.31770601868629456,0.6585347056388855
have issue on redmi note <number>,neutral,negative,0.41200345754623413,0.41200345754623413,0.3757987320423126,0.21219781041145325
"i would give it <number> , but it keeps stopping when converting text to pdf",positive,neutral,0.5848039984703064,0.07551215589046478,0.5848039984703064,0.3396838307380676
very good for me,positive,positive,0.8391808867454529,0.024626078084111214,0.13619303703308105,0.8391808867454529
"app whitelisting doesn't work, everything works fine when whitelisting is turned off (tree withers when i exit the app) but when it's on, i can access any app without the tree dying, not just the whitelisted ones. i've also turned on the advanced detection mode, does not help.",neutral,negative,0.5042972564697266,0.5042972564697266,0.40655675530433655,0.0891459733247757
"this ""use"" to be the greatest weather app right up until <url> latest update froze radar animation and i don't get alerts until i open the app. deleting and going to find a better app.",negative,negative,0.4405365586280823,0.4405365586280823,0.3882553279399872,0.17120812833309174
"it does its job, but asking each time to rate the app is infuriating",neutral,neutral,0.5729160308837891,0.10875523090362549,0.5729160308837891,0.31832873821258545
my weatherbug now tells me im <number> towns away. reported <url> they told me i was dumb basically.,negative,negative,0.8595195412635803,0.8595195412635803,0.11346233636140823,0.02701817825436592
crude humor supports the deteriorating morals of society. not acceptable,negative,negative,0.6323719024658203,0.6323719024658203,0.3000980019569397,0.06753014773130417
after installed the browser <url> phone will hang and some unwanted program to be automatically <url> will affect on <url>,negative,negative,0.8099154233932495,0.8099154233932495,0.15277323126792908,0.03731130436062813
some update or something makes this wonderful app crash. please remedy the issue!!!,neutral,positive,0.38246527314186096,0.2532539367675781,0.3642807900905609,0.38246527314186096
love it but easy on the ads pls,positive,positive,0.7701407074928284,0.019114626571536064,0.2107447236776352,0.7701407074928284
"for all those whose trees are not withering, turn off whitelist mode",neutral,negative,0.4334382116794586,0.4334382116794586,0.4036480486392975,0.1629137545824051
"i really enjoy this app, it's been quite helpful. however, though it counts the time you exceed the preset goal you don't get any extra trees/bushes. this means that i sometimes go over my time focus goal, but only see one lonely tree for my efforts. good bit of a bummer. otherwise, love the app.",positive,positive,0.8201162219047546,0.019817451015114784,0.16006629168987274,0.8201162219047546
not as accurate at weather channel but i like that i can choose the radar location.,positive,positive,0.6946430206298828,0.02735300548374653,0.278003990650177,0.6946430206298828
i prefer the blackberry version to the android version. or maybe i've not discovered all the tricks here.,neutral,positive,0.5199083089828491,0.05629942566156387,0.4237922728061676,0.5199083089828491
great! so much potential!,positive,positive,0.7989897727966309,0.05928768590092659,0.14172250032424927,0.7989897727966309
can't use bbm after update,negative,neutral,0.4520849883556366,0.4486210346221924,0.4520849883556366,0.09929400682449341
on getting the latest update the app stopped working all of a sudden. i use samsung galaxy s <number> . please see what has gone wrong. i tried reinstalling the app too. didn't work.,negative,negative,0.8697096705436707,0.8697096705436707,0.10848058015108109,0.021809758618474007
very very slow even on nexus one,negative,negative,0.6212872266769409,0.6212872266769409,0.29280000925064087,0.08591283112764359
like the old version better,positive,positive,0.5375059247016907,0.037424858659505844,0.42506924271583557,0.5375059247016907
stop asking me to rate every time i launch the app.,negative,negative,0.643726110458374,0.643726110458374,0.279229074716568,0.07704483717679977
lots of force closes on galaxy s.,negative,negative,0.47098028659820557,0.47098028659820557,0.3699263632297516,0.15909337997436523
needs more of the core lightroom features,neutral,neutral,0.5521274209022522,0.07316238433122635,0.5521274209022522,0.37471023201942444
"great app, just a few things that need addressed. i can no longer ""purchase"" additional trees and i have the $. it says forbidden after taking a while to load. i've uninstalled and reinstalled, running on the most current app and android os <number> . <number> , droid turbo <number> .",neutral,positive,0.5120412111282349,0.18430720269680023,0.3036516010761261,0.5120412111282349
please add live radar widget!,positive,positive,0.41890931129455566,0.2194066345691681,0.36168408393859863,0.41890931129455566
can't quickly link to specific page or bookmark. sucks. quick office is much better for reading pdfs.,negative,negative,0.8590548634529114,0.8590548634529114,0.1168910413980484,0.024054113775491714
it dose not let you do anything,negative,negative,0.6022902131080627,0.6022902131080627,0.2859209477901459,0.11178891360759735
hourly doesn't match the <number> day,neutral,negative,0.7204357981681824,0.7204357981681824,0.23809702694416046,0.041467152535915375
it's a good app,positive,positive,0.7247134447097778,0.016617752611637115,0.25866883993148804,0.7247134447097778
good app edit picture,positive,positive,0.7262783646583557,0.025525396689772606,0.24819627404212952,0.7262783646583557
can't bookmark the page! it's hard to read an e-book and remember the page number. i will delete.,negative,negative,0.6164566874504089,0.6164566874504089,0.3260246217250824,0.05751871317625046
use for fast download,positive,positive,0.6889462471008301,0.04801885783672333,0.2630348801612854,0.6889462471008301
used to be the <signature>,negative,negative,0.747492790222168,0.747492790222168,0.1931917667388916,0.05931546166539192
better than most. quick and easy,positive,positive,0.8603324890136719,0.017192840576171875,0.12247466295957565,0.8603324890136719
"not fast in sending and receiving messages, the app needs to be worked on.",negative,neutral,0.5897446274757385,0.24199336767196655,0.5897446274757385,0.16826198995113373
local adjustment not appearing,positive,neutral,0.501200258731842,0.32650232315063477,0.501200258731842,0.1722973883152008
used to be great,negative,negative,0.7032515406608582,0.7032515406608582,0.22741077840328217,0.06933768838644028
just got it <url> fingers crossed,neutral,negative,0.43845194578170776,0.43845194578170776,0.3352988362312317,0.22624926269054413
best pic editing <url>,positive,positive,0.6592432260513306,0.030402790755033493,0.31035399436950684,0.6592432260513306
no bookmark or jump page. doesnt remember where i was when closed,negative,negative,0.6640227437019348,0.6640227437019348,0.2786828279495239,0.05729437991976738
"good. only complaint is that sometimes the location on my lock screen is not my current location, but a random one from my saved places.",positive,positive,0.5686297416687012,0.02749033272266388,0.40387991070747375,0.5686297416687012
for the older version,neutral,neutral,0.4630889296531677,0.23556827008724213,0.4630889296531677,0.3013427257537842
"this app is pretty good, but i wish i could use this in my normal keyboard and i hope that it will be animated and have a transparent background",positive,positive,0.7113431096076965,0.019467879086732864,0.2691890001296997,0.7113431096076965
it's very accurate and good,positive,positive,0.843387246131897,0.016938095912337303,0.13967464864253998,0.843387246131897
loved it till i got a new phone,negative,neutral,0.3940984904766083,0.22936448454856873,0.3940984904766083,0.376537024974823
works ok but crashes when i rotate my archos <number> .,neutral,neutral,0.7115720510482788,0.07914334535598755,0.7115720510482788,0.20928464829921722
bloats <number> megs needs to be movable to <url>,negative,negative,0.502602219581604,0.502602219581604,0.3814416825771332,0.11595609784126282
shares the way it wants without permission,negative,neutral,0.4647407531738281,0.33077260851860046,0.4647407531738281,0.2044866383075714
external storage for cache,neutral,neutral,0.4161316454410553,0.2661174237728119,0.4161316454410553,0.31775087118148804
the radar map is practically useless now,negative,negative,0.897982656955719,0.897982656955719,0.07979462295770645,0.02222268469631672
will not select the correct current location.,negative,neutral,0.4539095461368561,0.4183744490146637,0.4539095461368561,0.1277160346508026
cant edit my avatar and cant log in!!,negative,negative,0.8249099850654602,0.8249099850654602,0.14850203692913055,0.02658793143928051
this is worse than what we call pathetic when it comes to mobile app.,negative,negative,0.8103054165840149,0.8103054165840149,0.15247556567192078,0.03721911087632179
updated to make it worst,negative,negative,0.7873069643974304,0.7873069643974304,0.16113194823265076,0.05156106501817703
the trees do not die when i leave the app which is what the app was supposed to do should i have left the app to use other apps like ig or youtube,negative,negative,0.5453036427497864,0.5453036427497864,0.3313577473163605,0.12333855032920837
new version is a major step back,negative,positive,0.3918342590332031,0.24329006671905518,0.3648757040500641,0.3918342590332031
awesome and secure app,positive,positive,0.8435953259468079,0.04096893593668938,0.11543577164411545,0.8435953259468079
awful app. really awful.,negative,negative,0.9351891279220581,0.9351891279220581,0.048708487302064896,0.016102377325296402
would rate <number> <url>,negative,neutral,0.38966983556747437,0.34257328510284424,0.38966983556747437,0.2677568793296814
"makes an incredibly annoying and loud clicking sound through the speakers whenever you take a photo, with no ability to disable it.",neutral,negative,0.5229914784431458,0.5229914784431458,0.37040767073631287,0.10660089552402496
it's nice but some problems r there,neutral,positive,0.493416428565979,0.021598273888230324,0.4849853813648224,0.493416428565979
have used it for years,positive,positive,0.5017491579055786,0.20375412702560425,0.29449671506881714,0.5017491579055786
hope it supports split screen,positive,neutral,0.5601683259010315,0.0682840645313263,0.5601683259010315,0.37154754996299744
good app to <url> i alwayz prefer uc browser to <url>,positive,positive,0.5990035533905029,0.036740489304065704,0.3642559349536896,0.5990035533905029
some issues but otherwise excellent,positive,positive,0.62720787525177,0.018602918833494186,0.3541892170906067,0.62720787525177
"this app is great, allows you to edit raw files, and almost has all the same options as a desktop/laptop version. the only thing i would really love to see is a brush setting, really all it needs for <number> stars in my books!",positive,positive,0.8315431475639343,0.028469190001487732,0.13998766243457794,0.8315431475639343
basic stuff done well,neutral,positive,0.6491444110870361,0.04064037650823593,0.3102152645587921,0.6491444110870361
unfriendly to free users,negative,negative,0.8630562424659729,0.8630562424659729,0.11136435717344284,0.025579391047358513
crashed my phone twice in a row doing nothing more then trying to read a <url>,negative,negative,0.8957895636558533,0.8957895636558533,0.08000033348798752,0.024210074916481972
has become unreliable and very inaccurate. loved it and now will get rid of because of terrible forecasts.,negative,negative,0.7988249063491821,0.7988249063491821,0.16142599284648895,0.03974911943078041
still no group contacts like old bbm,negative,neutral,0.4885590672492981,0.3449908196926117,0.4885590672492981,0.16645017266273499
"slow loading, double notifications",neutral,neutral,0.4496757686138153,0.4477759599685669,0.4496757686138153,0.1025482565164566
i love this app but sometimes it is really lagging.,positive,positive,0.6008058190345764,0.04751770198345184,0.3516765534877777,0.6008058190345764
freezes when opening pdfs. useless. root droid <number> . <number>,negative,negative,0.880115807056427,0.880115807056427,0.0972486063838005,0.02263558655977249
"really nice app ,with grt way to analyse yr productivity",positive,positive,0.8448323011398315,0.01869834028184414,0.13646934926509857,0.8448323011398315
great but one major problem,positive,positive,0.806219220161438,0.027138153091073036,0.16664265096187592,0.806219220161438
this program needs to be able to jump to specific pages in the pdf. i have a <number> page set of blueprints in need to access multiple times daily. fix,negative,neutral,0.5532078742980957,0.2609044015407562,0.5532078742980957,0.18588770925998688
something went wrong before i could access this app. immediately <url> viruses needed.,negative,negative,0.7370933890342712,0.7370933890342712,0.20761317014694214,0.05529341846704483
last update problem when search number adults,negative,neutral,0.43892771005630493,0.33617496490478516,0.43892771005630493,0.22489728033542633
very good app very easy,positive,positive,0.8351365327835083,0.020270705223083496,0.1445927917957306,0.8351365327835083
it's good app and doesn't contain virus,positive,positive,0.5992159843444824,0.020928330719470978,0.3798556625843048,0.5992159843444824
please add widgets for slack,positive,positive,0.5333651304244995,0.08930398523807526,0.3773308992385864,0.5333651304244995
add hdr support for htc <number> please!,neutral,positive,0.4967222213745117,0.12085845321416855,0.38241931796073914,0.4967222213745117
"suddenly it's killing all my trees it's was working perfectly, but now i keep getting a ""unknown app'",negative,negative,0.47965753078460693,0.47965753078460693,0.40239009261131287,0.1179523691534996
well <url> you need access to my files and my camera ? looks like an insecure joke. i 'll install once we are back to serious.,negative,neutral,0.4494778513908386,0.42409548163414,0.4494778513908386,0.12642669677734375
this app is <url> not as expected,negative,neutral,0.4438187777996063,0.3464147448539734,0.4438187777996063,0.20976649224758148
please add remind me option,neutral,positive,0.5089629888534546,0.1014990285038948,0.3895380198955536,0.5089629888534546
"original user interface, very usable.",positive,positive,0.47540947794914246,0.08995035290718079,0.434640109539032,0.47540947794914246
i use this site for booking over night stays when going on holiday. good hotel and great staff.,positive,positive,0.8733730316162109,0.021644970402121544,0.10498206317424774,0.8733730316162109
can't access my account,negative,negative,0.8570868372917175,0.8570868372917175,0.11975225806236267,0.023160940036177635
very useful to find non-chain hotels--saving lots of money when all you need is a clean room and a servicable bed.,positive,positive,0.8476254343986511,0.020321233198046684,0.13205339014530182,0.8476254343986511
"love it, something for almost every occasion!",positive,positive,0.8561125993728638,0.02896423265337944,0.11492321640253067,0.8561125993728638
doesn't format text correctly,neutral,negative,0.5812963843345642,0.5812963843345642,0.34997832775115967,0.06872526556253433
"despite all these new pdf readers, this app provides very good benefits",positive,positive,0.7764283418655396,0.028176771476864815,0.1953948438167572,0.7764283418655396
love it but hate it,neutral,neutral,0.483393132686615,0.10807652026414871,0.483393132686615,0.4085303246974945
great application. efficient way to browse and book accommodation.,neutral,positive,0.8620262145996094,0.028751015663146973,0.10922272503376007,0.8620262145996094
great mutch eadier than website. quick and convenient,positive,positive,0.8580213785171509,0.023218374699354172,0.11876027286052704,0.8580213785171509
excellent. not needing any permissions is cool.,neutral,positive,0.7126789689064026,0.030776744708418846,0.2565443217754364,0.7126789689064026
"works pretty good, nice to finally have this on android.",positive,positive,0.8117436766624451,0.017288383096456528,0.1709679663181305,0.8117436766624451
to boring and to many adds,negative,negative,0.5049600005149841,0.5049600005149841,0.3815309703350067,0.11350903660058975
reply from notification and remove bbm channels,neutral,negative,0.6031842231750488,0.6031842231750488,0.28898605704307556,0.10782969743013382
love the app but current temperature doesn't stay in the notification bar even though i have it set to go the settings. please fix. i have to constantly open the app for current temp.,positive,positive,0.5429142117500305,0.055264800786972046,0.4018210172653198,0.5429142117500305
i like it . works great,neutral,positive,0.8551185727119446,0.02014719322323799,0.12473423779010773,0.8551185727119446
it's good for documents viewings and managing.,positive,positive,0.7316591143608093,0.017722561955451965,0.25061824917793274,0.7316591143608093
it's good but not too much <url> it's working well,positive,neutral,0.6287260055541992,0.0288969948887825,0.6287260055541992,0.3423770070075989
pic porn on ads,negative,negative,0.6441653370857239,0.6441653370857239,0.22996559739112854,0.12586906552314758
dope! i wish there was a batch deletion feature.,positive,neutral,0.5146033763885498,0.12578143179416656,0.5146033763885498,0.3596152365207672
"worked great for years but now it double posts everything i send on my chromebook. love it on every other <url> iphone, mac. i hope this is fixed in the next <url> !",neutral,positive,0.7887356877326965,0.04842579364776611,0.16283848881721497,0.7887356877326965
"sering error, but it's fine. still working",positive,neutral,0.653059720993042,0.07203294336795807,0.653059720993042,0.27490732073783875
full of bugs. i can claim the reward but my coins doesn't increase at all????,negative,negative,0.5133236050605774,0.5133236050605774,0.36742109060287476,0.11925534158945084
reliable when signal is good,positive,positive,0.5787107944488525,0.0326819010078907,0.38860732316970825,0.5787107944488525
love it and hate it.,neutral,positive,0.42455992102622986,0.22340388596057892,0.3520362377166748,0.42455992102622986
would be good if you could delete after finished!,neutral,positive,0.5331871509552002,0.029062999412417412,0.43774983286857605,0.5331871509552002
works for me. only one i ever use.,positive,positive,0.5788293480873108,0.12105049192905426,0.30012017488479614,0.5788293480873108
error <url> do not work. i'm having <number> . <number> . <number> <url> still not working .,negative,negative,0.9164096713066101,0.9164096713066101,0.06917385011911392,0.014416507445275784
it is very good but it needs more options on the facial features and the body motifications,positive,positive,0.6772576570510864,0.019901234656572342,0.3028411269187927,0.6772576570510864
takes up <number> percent of the <url> saves everything u <url> good for a <url> have motorola droid.,negative,neutral,0.5088595151901245,0.3235144317150116,0.5088595151901245,0.16762608289718628
nice <url> was using this <url> information for news and latest updates,neutral,positive,0.6024429798126221,0.07334007322788239,0.3242168724536896,0.6024429798126221
"the whitelist doesn't <url> no matter what i do, my tree dies.",neutral,negative,0.8562378287315369,0.8562378287315369,0.11031655222177505,0.033445704728364944
"good app, but lacking android wear (and thus pebble) support. i prefer google hangouts to slack because of this missing functionality.",neutral,neutral,0.5567622184753418,0.039609529078006744,0.5567622184753418,0.4036282002925873
great but too much phone access,neutral,positive,0.7813606262207031,0.0244305282831192,0.19420883059501648,0.7813606262207031
if you can't offer better pricing you're useless,negative,negative,0.7532845139503479,0.7532845139503479,0.19122806191444397,0.05548735335469246
seriously your ad blocker never works everytime i go to movies site pop up ads pop ups every second very irritating don't <url> u will never get good surfing experience,negative,negative,0.7843258380889893,0.7843258380889893,0.17816543579101562,0.03750864043831825
minimize category and bbm group user friendly,positive,neutral,0.5086719393730164,0.16143059730529785,0.5086719393730164,0.3298974335193634
it doesn't save the last page you were on. it's annoying.,neutral,negative,0.5301939249038696,0.5301939249038696,0.39387550950050354,0.07593052834272385
please add something which shows you how long you've worked for each day and maybe a graph for comparing different working times,neutral,positive,0.7060199975967407,0.038598109036684036,0.25538182258605957,0.7060199975967407
not bad better than other,positive,neutral,0.49040350317955017,0.14741796255111694,0.49040350317955017,0.3621785044670105
i like the radar and spark. i work outside so that helps. the temp though? <url> but i guess that's what you get when trying to predict the actions of the most volatile woman in existence. mother nature of course.,neutral,positive,0.7433547377586365,0.02673644758760929,0.22990885376930237,0.7433547377586365
why it is asking to download uc browser when i am going to download song and i don't want to download uc browser,negative,negative,0.5222355723381042,0.5222355723381042,0.37466883659362793,0.10309559851884842
"awesome app!! it helps me a <url> i think it will be better if it had a <url> like we can time when it will start <url> sometimes i like to use my phone a lot. like before bed or using my phone at <url> smting like that. if you had the timer, we can set our work time so we would not play phones at certain <url> but still this app is great!!",positive,positive,0.8222654461860657,0.030457761138677597,0.14727680385112762,0.8222654461860657
good app but <url>,neutral,neutral,0.5720595717430115,0.029852021485567093,0.5720595717430115,0.3980884552001953
does the job it aims to do,neutral,positive,0.704886794090271,0.06741819530725479,0.227695032954216,0.704886794090271
ridiculous. why the hell i cannot move it to memory card?,negative,negative,0.9076131582260132,0.9076131582260132,0.0722552165389061,0.020131709054112434
download error problem network gone after network connected again donwload doesn't resume,neutral,negative,0.6839699745178223,0.6839699745178223,0.24898134171962738,0.06704868376255035
"i would give this app more stars if it weren't for the inability to get an overview of the total number of hours sunk into each tag rather than just a percentage, extend the amount of time you want on the fly and to filter by multiple tags vs either only one or all at the moment.",neutral,positive,0.6182429194450378,0.050660647451877594,0.3310964107513428,0.6182429194450378
"its cool, i love it",neutral,positive,0.7955000996589661,0.024347838014364243,0.18015210330486298,0.7955000996589661
warning. bad apps. this apps cheat ur money on cancelation,negative,negative,0.9223471283912659,0.9223471283912659,0.061718329787254333,0.01593456231057644
please fix!! then <number> stars,negative,negative,0.49376946687698364,0.49376946687698364,0.3417508602142334,0.16447971761226654
it's ok this apps,positive,neutral,0.7212485074996948,0.04545062035322189,0.7212485074996948,0.23330092430114746
please add support for links inside pdf! great app but i really miss that feature!!,neutral,positive,0.8397052884101868,0.0321761853992939,0.12811848521232605,0.8397052884101868
weatherbug was better <number> years back than it is now. i do not like the last few updates. the maps not as good especially showing cloud cover with storms or without. the layers is really sib par from the way it was. now for the last <number> days its shutting down for no reason,neutral,neutral,0.5279878377914429,0.3398970663547516,0.5279878377914429,0.1321151852607727
uc helpful but it's have many bad <url>,positive,neutral,0.6386558413505554,0.04257729649543762,0.6386558413505554,0.31876686215400696
it tells me what i need to know,positive,positive,0.4056977331638336,0.20505133271217346,0.3892509639263153,0.4056977331638336
addicted to phone? this is the app,positive,negative,0.8541316390037537,0.8541316390037537,0.11211004108190536,0.03375837206840515
works well but beware the enormous memory use for data. if this could be stored on sd card then i would give <number> stars. as it is may have to uninstall.,neutral,neutral,0.6468926668167114,0.07105924934148788,0.6468926668167114,0.2820481061935425
nice app for viewing documents!!! have been using it since many years!,positive,positive,0.8589873313903809,0.028758017346262932,0.11225468665361404,0.8589873313903809
doesn't have a logout option,positive,negative,0.4731241762638092,0.4731241762638092,0.43200647830963135,0.09486931562423706
enlarge capacity for sending video,neutral,neutral,0.41822710633277893,0.18908777832984924,0.41822710633277893,0.3926851153373718
"it needs to have color, hairstyles and have character friends we pick on the lists to be in emojis too. plus can we have clothes come from video games and movies. plz",positive,neutral,0.4908912479877472,0.07138752937316895,0.4908912479877472,0.43772122263908386
excellent considering all i want is pdf reader. but confused why such a basic thing like bookmarks is missing! the page nav good but never accurate,neutral,positive,0.5872036814689636,0.03150221332907677,0.3812941014766693,0.5872036814689636
very funny! it crashes in my s <number> edge+,negative,negative,0.4016859233379364,0.4016859233379364,0.38561367988586426,0.21270038187503815
cant book in alantic city nj,negative,negative,0.4430847465991974,0.4430847465991974,0.4227586090564728,0.13415668904781342
learnt about it hope it is going to be <url>,neutral,neutral,0.4067184627056122,0.29378241300582886,0.4067184627056122,0.29949912428855896
i think it is cool because you can use it for anything and could make stories etc.,positive,positive,0.5072011351585388,0.03412070870399475,0.45867815613746643,0.5072011351585388
"so powerful, yet so limited.",neutral,neutral,0.47043681144714355,0.14454273879528046,0.47043681144714355,0.38502049446105957
i really like this app. have a lot of fun with it when i send text messages. haven't had any problems with it.,neutral,positive,0.8434056043624878,0.02361324429512024,0.13298116624355316,0.8434056043624878
new icon is really lame. looks like google <url> hahaha. binit,negative,negative,0.5831950902938843,0.5831950902938843,0.337599515914917,0.07920540124177933
easy and convenient to use,positive,positive,0.8595278859138489,0.018554164096713066,0.1219179555773735,0.8595278859138489
holy data <url> people please!,negative,negative,0.3446502983570099,0.3446502983570099,0.33095163106918335,0.3243980407714844
screw you slack for arbitrarily forcing everyone on mobile to download this utterly superfluous client while your services run well in browser.,negative,negative,0.922137439250946,0.922137439250946,0.059826698154211044,0.01803586259484291
sometime. . force close hard launch,neutral,negative,0.4768051207065582,0.4768051207065582,0.4036763608455658,0.11951851844787598
"slow, and hang when zoom",negative,neutral,0.582398533821106,0.25261539220809937,0.582398533821106,0.16498611867427826
"the app is really good. i find it really fun but i suggest that you guys add piercings, birthmarks, beauty marks and things like that, maybe even allow more then two bitmoji characters. other than that, the app is really good",positive,positive,0.7994945049285889,0.017690759152173996,0.18281476199626923,0.7994945049285889
"would pay extra to get the ads to go away. otherwise, very good.",neutral,positive,0.7334496974945068,0.019999481737613678,0.2465508133172989,0.7334496974945068
beware making fool and cheating beware,negative,negative,0.9154977798461914,0.9154977798461914,0.06341946125030518,0.021082788705825806
what happened to the paid version?,negative,negative,0.8307557106018066,0.8307557106018066,0.13457682728767395,0.034667495638132095
good <number> st version - htc one m <number>,positive,positive,0.6515873074531555,0.029267283156514168,0.31914544105529785,0.6515873074531555
great app use it to store music in,positive,positive,0.8475747108459473,0.03767886757850647,0.11474643647670746,0.8475747108459473
"could use a bit of <url> other than that, great concept and idea!",neutral,positive,0.8041518926620483,0.031883079558610916,0.16396500170230865,0.8041518926620483
more customizable than the other guy but not as complete as i'd like,positive,neutral,0.48751282691955566,0.04747592285275459,0.48751282691955566,0.46501123905181885
"i always like this app since i used my old curve. but the ads kill me, hahahaha.",positive,neutral,0.46948176622390747,0.12528078258037567,0.46948176622390747,0.40523746609687805
"what a crappy app. rim can do much betta than this. wanted to give it a zero star but that option ain't available, i wonder why.",negative,negative,0.85158771276474,0.85158771276474,0.11742781102657318,0.03098442777991295
it's a good app . it saved my mobile from getting virus into my mobile,positive,positive,0.7050181031227112,0.024157559499144554,0.2708243131637573,0.7050181031227112
it's really nice !!!,neutral,positive,0.812944769859314,0.02210792526602745,0.16494733095169067,0.812944769859314
"the prices are super high. like,the great <url> a billionaire could pay, but they would be poor afterwards. don't use!",negative,negative,0.5274904370307922,0.5274904370307922,0.35534659028053284,0.11716290563344955
"great local forecast, maybe because i live near their headquarters. it works great when i travels as well.",positive,positive,0.8471495509147644,0.023016275838017464,0.12983419001102448,0.8471495509147644
not very compatible with pomodoro technique,neutral,neutral,0.47333279252052307,0.42800766229629517,0.47333279252052307,0.09865965694189072
very useful and reliable app. documents are available offline which i find very convenient,positive,positive,0.8754367232322693,0.020818622782826424,0.10374466329813004,0.8754367232322693
too many ads! hate it,negative,negative,0.9133754372596741,0.9133754372596741,0.06779808551073074,0.01882653869688511
good but i don't like this app becouse of that annoying ads please remove this <url>,negative,neutral,0.6378436088562012,0.1169729009270668,0.6378436088562012,0.24518351256847382
improve android app please,neutral,positive,0.4492407441139221,0.11829660832881927,0.4324626922607422,0.4492407441139221
not happy over my profile picture,neutral,negative,0.553597629070282,0.553597629070282,0.35546037554740906,0.09094199538230896
foxit reader is more convenient,positive,neutral,0.4960341453552246,0.08059873431921005,0.4960341453552246,0.42336708307266235
"cute, simple and motivating!",positive,positive,0.8670749068260193,0.024489574134349823,0.1084355041384697,0.8670749068260193
good but could be better,positive,neutral,0.6519603133201599,0.03675306960940361,0.6519603133201599,0.31128665804862976
"one of the essential apps, but imperfectly realized in android",positive,neutral,0.5013467669487,0.11909201741218567,0.5013467669487,0.37956124544143677
like it but too much ads,positive,neutral,0.5105377435684204,0.03271006792783737,0.5105377435684204,0.45675212144851685
still very lame. can't open pdfs that are image scans. cmon adobe. really?,negative,negative,0.8291366696357727,0.8291366696357727,0.13986308872699738,0.031000204384326935
"after unable to launch get fixed in the update last night, all my past <number> days history is gone <url> all my lemon <url> this how the developer improve performance? very <url>",negative,negative,0.6657110452651978,0.6657110452651978,0.2548190653324127,0.07946990430355072
you better call it off. useless.,negative,negative,0.9353698492050171,0.9353698492050171,0.048905983567237854,0.015724169090390205
as good as the web version,positive,positive,0.702041745185852,0.021067587658762932,0.27689072489738464,0.702041745185852
just updated bbm and all of my chat history disappeared! need a way to restore it. pls fix it.,neutral,negative,0.7448388338088989,0.7448388338088989,0.2058916538953781,0.049269553273916245
<salutation> can't even open password protected files. waste of time and memory,negative,negative,0.9355179667472839,0.9355179667472839,0.05112346261739731,0.01335864420980215
i dont understand this ap,neutral,negative,0.7099874019622803,0.7099874019622803,0.22443316876888275,0.06557939946651459
its a very good app,positive,positive,0.8241976499557495,0.019733915105462074,0.15606839954853058,0.8241976499557495
good website for hotels. plenty of options and many with free cancellation.,positive,positive,0.8334684371948242,0.017771489918231964,0.1487601399421692,0.8334684371948242
bad very very bad. in all website you have ads <url> is <url> <url> bad things <url> <url>,negative,negative,0.9276166558265686,0.9276166558265686,0.056351397186517715,0.01603192836046219
claims app <number> sd but <url> no option to move from phone to sd card. it's a <number> +mb app. htc di <number> . <number>,neutral,neutral,0.46939006447792053,0.38869890570640564,0.46939006447792053,0.14191101491451263
"unnecessary app, please kill it.",negative,negative,0.898902177810669,0.898902177810669,0.08121209591627121,0.019885800778865814
my favorite way to communicate,positive,positive,0.7678893208503723,0.04901079460978508,0.1830998659133911,0.7678893208503723
quickly opens up the pdf <url> and very user friendly,positive,positive,0.7692545652389526,0.04181673750281334,0.18892870843410492,0.7692545652389526
force closed after update,neutral,negative,0.6206253170967102,0.6206253170967102,0.253180593252182,0.12619410455226898
this app is nice for safe <url>,neutral,positive,0.6982596516609192,0.023197460919618607,0.2785429358482361,0.6982596516609192
brings so much important info to my phone in an easy to use format.,positive,positive,0.7425904870033264,0.05220368131995201,0.20520587265491486,0.7425904870033264
very nice and helpful app,positive,positive,0.8648622035980225,0.024110427126288414,0.11102735996246338,0.8648622035980225
don't send fake news,neutral,negative,0.6830283403396606,0.6830283403396606,0.22735513746738434,0.0896165668964386
it asks for login every time i start it and that is very annoying. on my ipad it does not behave that way.,neutral,negative,0.677209734916687,0.677209734916687,0.2655162513256073,0.057273980230093
update <url> bisa copy comment di picture group <url> info bagaimana cara copy coment nya?,negative,neutral,0.4176899194717407,0.38831183314323425,0.4176899194717407,0.19399823248386383
"good so far on phone, afraid to install on laptop, had a older version that wouldn't go away and had constant ads and pop-ups",positive,positive,0.6004166007041931,0.0549812838435173,0.344602108001709,0.6004166007041931
this app is far too big.,negative,neutral,0.44487106800079346,0.2619627118110657,0.44487106800079346,0.29316627979278564
this is a good app,positive,positive,0.7590005397796631,0.02002781257033348,0.22097167372703552,0.7590005397796631
"i'm heard about security concerns related to this browser, can u explain it?",neutral,neutral,0.4927237331867218,0.2835647165775299,0.4927237331867218,0.2237115502357483
worst app in world,negative,negative,0.9391218423843384,0.9391218423843384,0.04487209394574165,0.01600610837340355
i wish i could make funnies with my friends in them. not just in snapchat. otherwise a very fun app.,positive,positive,0.8109303116798401,0.021768851205706596,0.16730083525180817,0.8109303116798401
its alright but got a long way to go to better repligo. need to be able to skip to chapters and double tap zoom should fit paragraph to screen width,neutral,neutral,0.6751910448074341,0.034550633281469345,0.6751910448074341,0.2902582883834839
just missing an iphone feature.,positive,neutral,0.5621903538703918,0.24827386438846588,0.5621903538703918,0.18953578174114227
not as good as on the blackberry phones doesn't show a red star to let you know you have an unread message unless you open the app,neutral,neutral,0.47460728883743286,0.42678600549697876,0.47460728883743286,0.09860673546791077
excellent with some improvements,positive,positive,0.8364161849021912,0.019795933738350868,0.14378784596920013,0.8364161849021912
add fonts and stuff,positive,positive,0.5437498092651367,0.05513697862625122,0.4011131525039673,0.5437498092651367
please add some more features,positive,positive,0.5950061082839966,0.050130587071180344,0.3548632860183716,0.5950061082839966
wish you could choose a friends to be part of the emoji,neutral,positive,0.5074570178985596,0.052224643528461456,0.44031834602355957,0.5074570178985596
this app is useless. if i hit the home button the app plays in the background of my phone without the tree dying. that literally defeats the entire purpose of the app,negative,negative,0.9279599189758301,0.9279599189758301,0.05635740980505943,0.015682673081755638
now i accepted it,positive,negative,0.44401341676712036,0.44401341676712036,0.31840622425079346,0.2375803291797638
support for password protected documents.,neutral,positive,0.5290241837501526,0.10599492490291595,0.36498093605041504,0.5290241837501526
discord came out and improved on slack in every way. there is no reason to use this trash anymore.,negative,negative,0.8923709988594055,0.8923709988594055,0.08602329343557358,0.02160569094121456
not anymore waste of time,negative,negative,0.8892999291419983,0.8892999291419983,0.0869336798787117,0.023766374215483665
not able to sign in,negative,negative,0.7212544679641724,0.7212544679641724,0.2306913137435913,0.04805421456694603
edit: i found the lemons and how to kill trees,positive,neutral,0.42966264486312866,0.28673332929611206,0.42966264486312866,0.28360405564308167
always eror <url> this app,negative,positive,0.38181525468826294,0.2500975430011749,0.36808720231056213,0.38181525468826294
has too much space for ads. premium for login. there are more user friendly ways to monetize your app. the concept is ok but poorly executed,negative,neutral,0.6751378178596497,0.15787407755851746,0.6751378178596497,0.16698816418647766
"since using a new update, my htc one x, always not <url>",negative,neutral,0.45719823241233826,0.4244832694530487,0.45719823241233826,0.11831852793693542
wpupd give more stars if we could use this app on fb messenger,neutral,positive,0.47577154636383057,0.1613476425409317,0.36288076639175415,0.47577154636383057
"not more reliable as the desktop app, but it is enough to get by",neutral,neutral,0.6745555400848389,0.08892078697681427,0.6745555400848389,0.23652370274066925
does not open all pdf files that you can open with adobe on the pc. uninstalled.,negative,negative,0.9307839274406433,0.9307839274406433,0.055957160890102386,0.013258970342576504
"really bad. zoom removes text, outer viewmode locks scrolling etc etc",negative,negative,0.8414058685302734,0.8414058685302734,0.13079339265823364,0.027800653129816055
i think the app is ment for book worms and book worms like me love it,neutral,positive,0.7954280376434326,0.04073329269886017,0.1638386845588684,0.7954280376434326
chat app or ads app,negative,negative,0.37210795283317566,0.37210795283317566,0.3558793365955353,0.2720127999782562
"good accuracy, clean look and good features.",positive,positive,0.8597913980484009,0.018818449229002,0.12139016389846802,0.8597913980484009
tree doesn't whether if i leave the app n play game this app sucks,negative,negative,0.8785492777824402,0.8785492777824402,0.09877824783325195,0.022672487422823906
even worse than photoshop,negative,negative,0.6956285238265991,0.6956285238265991,0.23032158613204956,0.07404990494251251
begging for bookmark and copy paste option <url>,neutral,negative,0.4542849659919739,0.4542849659919739,0.40604081749916077,0.13967424631118774
forgets where i was when killed by the system,neutral,negative,0.5666753053665161,0.5666753053665161,0.3296853005886078,0.10363937169313431
very good. am no lonnger using infinix <number> am using mi note and it is very difficut for me to update my mi note phone.,neutral,positive,0.6302355527877808,0.05135500058531761,0.3184094727039337,0.6302355527877808
not easy to use,neutral,neutral,0.590582013130188,0.2674974799156189,0.590582013130188,0.14192047715187073
good app but huge filespace,neutral,positive,0.5776374936103821,0.022095812484622,0.40026670694351196,0.5776374936103821
no substitute for this great secure app for mobile communication in real time,positive,positive,0.6137177348136902,0.12530617415905,0.26097607612609863,0.6137177348136902
not for bald people,negative,neutral,0.4000503718852997,0.342720627784729,0.4000503718852997,0.2572289705276489
really useful app. totally enjoyed using it. i had downloaded this without many expectations but the simplicity and perfection that this app delivered totally blew me away. hats off to the developers !! keep up the great work !!,positive,positive,0.8069784641265869,0.05723861977458,0.13578295707702637,0.8069784641265869
"it's a good app overall, but the hourly forecast is totally unreliable. if the amatuers at weather underground can get it right <number> % of the time, why is weatherbug wrong <number> % of the time? c'mon folks, it's obviously do-able, so please try putting in the effort to get it right in the future (or at least check out the weather underground site and copy their work).",neutral,neutral,0.5775591731071472,0.03994862362742424,0.5775591731071472,0.38249218463897705
so so. like other apps in the play store. nothing special.,neutral,neutral,0.5391218066215515,0.1155473068356514,0.5391218066215515,0.3453309237957001
the standard tool for exchanging documents online,positive,positive,0.7533857822418213,0.06189441680908203,0.18471978604793549,0.7533857822418213
please fix some bug n i will give u <number> star,neutral,neutral,0.4309671223163605,0.2481575310230255,0.4309671223163605,0.32087528705596924
great app over all,positive,positive,0.8271320462226868,0.05224081873893738,0.12062713503837585,0.8271320462226868
the app is interactive and has all the required functions.,positive,positive,0.6152545213699341,0.07587394118309021,0.30887147784233093,0.6152545213699341
it's ok but the follow me is crap,neutral,neutral,0.7464850544929504,0.06754627078771591,0.7464850544929504,0.18596863746643066
update every <number> minutes,neutral,negative,0.4348989725112915,0.4348989725112915,0.3914336562156677,0.17366738617420197
"i have installed and uninstalled repeated this several times, all it wants to do is update continuously. i can't use it at all.",negative,negative,0.8913170099258423,0.8913170099258423,0.08955170959234238,0.0191312488168478
used battery most show identity,negative,negative,0.4192563593387604,0.4192563593387604,0.3744574189186096,0.20628617703914642
should have more filtering options. should stop nagging for a review when you've already posted one.,neutral,neutral,0.619516134262085,0.10529821366071701,0.619516134262085,0.27518564462661743
"after reservation want to add rooms but app just crash, keep loading",negative,negative,0.5806252360343933,0.5806252360343933,0.3409801721572876,0.0783945769071579
lost in the translation,negative,negative,0.5160003304481506,0.5160003304481506,0.352718710899353,0.13128097355365753
new version is much slower than the last. loading messages and channels feels sluggish and tedious.,negative,neutral,0.5576651692390442,0.32263126969337463,0.5576651692390442,0.11970356851816177
where did the precipitation amounts go?,negative,negative,0.428519070148468,0.428519070148468,0.41025155782699585,0.16122940182685852
"it's nice, but it would be great there'd be some piercings",positive,positive,0.6511313915252686,0.017769139260053635,0.3310994803905487,0.6511313915252686
it's a good app,positive,positive,0.7247134447097778,0.016617752611637115,0.25866883993148804,0.7247134447097778
good but could be better,positive,neutral,0.6519603133201599,0.03675306960940361,0.6519603133201599,0.31128665804862976
last update hosed app,negative,negative,0.6506850123405457,0.6506850123405457,0.23750269412994385,0.1118122786283493
"it keeps crashing. i like yet very annoying to keep <url> , weather stopped working.",neutral,neutral,0.5126593112945557,0.25865769386291504,0.5126593112945557,0.2286829799413681
the app would be better if you let us use calculator and <url> bcoz sometimes while studying you have to google something <url> just a suggestion.,neutral,positive,0.5241214036941528,0.03955031931400299,0.436328262090683,0.5241214036941528
"i love the amount of data and the warnings. however in the last <number> months the application has failed to work often at least once a day. if this issue could be solved, i would give the app <number> stars.",neutral,positive,0.8008209466934204,0.03313947468996048,0.1660396158695221,0.8008209466934204
you just need to add box braids as a hairstyle,positive,positive,0.4717194736003876,0.05961952358484268,0.46866104006767273,0.4717194736003876
its nice to receive anything,positive,positive,0.7365872263908386,0.018915191292762756,0.24449759721755981,0.7365872263908386
this app is awful,negative,negative,0.7942014932632446,0.7942014932632446,0.15826214849948883,0.04753638803958893
"bummer! now i am a former usser!!!! no-ads weatherbug, where are you? hello?",negative,negative,0.8196347951889038,0.8196347951889038,0.1466960608959198,0.033669132739305496
good for an <url>,neutral,positive,0.7283827066421509,0.0200425386428833,0.2515747845172882,0.7283827066421509
this is very bad,neutral,negative,0.8810656070709229,0.8810656070709229,0.09563862532377243,0.023295769467949867
doesnt work on the gs <number>,negative,negative,0.9112810492515564,0.9112810492515564,0.07518284022808075,0.013536117039620876
too much ads not good for kids,neutral,neutral,0.44788044691085815,0.43685439229011536,0.44788044691085815,0.11526518315076828
not working properly in android above <number> . <number>,positive,negative,0.8323747515678406,0.8323747515678406,0.14156194031238556,0.02606327459216118
slow sometimes especially during video and audio calls. the app just hangs and stops working.,positive,neutral,0.527283787727356,0.3348044753074646,0.527283787727356,0.13791173696517944
if i could alter the apps appearance to allow for inverted colour schemes i would give it <number> stars other than that this is a brilliant app.,positive,positive,0.8340156078338623,0.02857637032866478,0.1374080628156662,0.8340156078338623
one of the <signature>,neutral,positive,0.7146273851394653,0.07417643070220947,0.211196169257164,0.7146273851394653
"it's not working for me, i'm using samsung tab <number> mini, it's asking for confirmation of date of birth",negative,negative,0.7105281352996826,0.7105281352996826,0.23821233212947845,0.05125955492258072
"i can use other app meanwhile timer is running , so no use waste app",negative,negative,0.568729043006897,0.568729043006897,0.3400709927082062,0.09120004624128342
app is up to date and easy to read.,positive,positive,0.8332271575927734,0.020663483068346977,0.14610928297042847,0.8332271575927734
"do not waste your time. if u think u can save the earth but no, you have to buy premium first to plant trees. absolute a waste timer",negative,negative,0.9038767218589783,0.9038767218589783,0.07613717019557953,0.01998613402247429
sluggish compared to other pdf readers but renders well.,neutral,neutral,0.5209008455276489,0.050432879477739334,0.5209008455276489,0.4286663234233856
"i don't need this, but i'm sure someone will need it.",positive,neutral,0.5208640694618225,0.13753539323806763,0.5208640694618225,0.34160053730010986
"really fast, good and probably the <signature>",positive,positive,0.8036133646965027,0.016967669129371643,0.17941895127296448,0.8036133646965027
"my team, tired of waiting for a department driven initiative for collaboration tools, decided to start using this for ourselves. it's been a great experience so far - quicker responses, easy file sharing, organising social outings and reaching out to the whole team at once etc. the <signature>",positive,positive,0.7486717700958252,0.0668037086725235,0.18452449142932892,0.7486717700958252
bad uploaded pic display,negative,negative,0.7542591691017151,0.7542591691017151,0.19314678013324738,0.05259404703974724
i like this app is very useful,neutral,positive,0.8525461554527283,0.020040864124894142,0.12741300463676453,0.8525461554527283
"i was not able to open the app even after reinstalling it twice so instead i installed ""flip flop"" app which is also a similar app",negative,negative,0.6940850615501404,0.6940850615501404,0.23774604499340057,0.06816886365413666
what's with all the new permissions?,negative,negative,0.6219695806503296,0.6219695806503296,0.298801988363266,0.07922844588756561
the new automatic markdown feature sucks!!! and you cannot turn it off,negative,negative,0.925426185131073,0.925426185131073,0.05958961695432663,0.014984278939664364
now it use very long time for export photo.,negative,positive,0.6694644689559937,0.07058829069137573,0.259947270154953,0.6694644689559937
can't import pictures,negative,negative,0.5010128617286682,0.5010128617286682,0.38016870617866516,0.11881842464208603
i love it but for some reason it doesn't work well on my samsung. if it worked better with my phone a higher rating,neutral,positive,0.7060659527778625,0.031841836869716644,0.2620922327041626,0.7060659527778625
did more things to say and more holiday,neutral,positive,0.419688880443573,0.20887817442417145,0.37143293023109436,0.419688880443573
can not open edited images on my galaxy note <number>,negative,negative,0.5004880428314209,0.5004880428314209,0.38652855157852173,0.11298337578773499
the confirmation details is not shown on <number> rd party screen. not useful if i have to inform <number> rd party of the confirmation details.,neutral,neutral,0.4787796437740326,0.4232673645019531,0.4787796437740326,0.09795297682285309
never sends the correct emoji.,negative,negative,0.5595144629478455,0.5595144629478455,0.3449063301086426,0.09557920694351196
please add save image setting,positive,neutral,0.41415154933929443,0.21406659483909607,0.41415154933929443,0.3717818558216095
i cant run the app after new update!!!,neutral,negative,0.863953173160553,0.863953173160553,0.11373932659626007,0.02230752445757389
ads thats the only thing spoiling this <url> bcz ads are source of income <url> lose this app the source ur getting ads,negative,negative,0.8082500100135803,0.8082500100135803,0.15198878943920135,0.0397612489759922
i have had this app for a while and it works really well,negative,positive,0.7449967265129089,0.029944656416773796,0.22505855560302734,0.7449967265129089
mostly good except- sucks too much background data and not freindly to my battery . should shut itself down.,neutral,neutral,0.6894999742507935,0.06968404352664948,0.6894999742507935,0.24081599712371826
"fairly accurate, wish the radar would update a little quicker",positive,positive,0.7570851445198059,0.017324315384030342,0.2255905568599701,0.7570851445198059
what's up with it?,negative,negative,0.6512505412101746,0.6512505412101746,0.28770536184310913,0.06104407086968422
up browser is <signature>,positive,neutral,0.3497934937477112,0.34095773100852966,0.3497934937477112,0.30924880504608154
nice app but i can't highlight my text i pressed that longer but it couldn't work please check this out,positive,neutral,0.5603612661361694,0.05614633113145828,0.5603612661361694,0.3834923505783081
love it but the radar needs future time,positive,positive,0.6377996802330017,0.027115069329738617,0.33508527278900146,0.6377996802330017
itss ok but not good at <url>,neutral,neutral,0.7349671721458435,0.08506375551223755,0.7349671721458435,0.17996905744075775
animation does not work. really disappointed. use everyday for work. moving on to the weather channel app. never fails.,negative,negative,0.866743803024292,0.866743803024292,0.11033079773187637,0.022925425320863724
"maybe if the app followed material design guidelines, i would have rated it <number> stars. the controls are based on ios, so it's not easy to find your way, but overall it's a good photo app.",positive,positive,0.5173500180244446,0.03963591530919075,0.4430140256881714,0.5173500180244446
new layout v <number>,positive,negative,0.37577033042907715,0.37577033042907715,0.3452037572860718,0.27902594208717346
it does not install,positive,negative,0.8991670608520508,0.8991670608520508,0.08240769803524017,0.018425215035676956
"its amazing app, but unfortunately after the new updation the app forced to close when importing a new photo. so please fix that bug immediately",positive,positive,0.47459015250205994,0.09815245866775513,0.42725735902786255,0.47459015250205994
try hotel tonight - $ <number> free,neutral,negative,0.5062993764877319,0.5062993764877319,0.3737901747226715,0.11991042643785477
"it's like <number> stars for the app, <number> star for new booking assistant. god damn it, how the hell can i just answer the message i got from a property???!!! why do i need to see <number> questions of an assistant instead, that i can not delete and that just mess up all the dialog! hate it. really hate this feature! do like everything else though.",positive,negative,0.7432585954666138,0.7432585954666138,0.20156845450401306,0.05517292395234108
been a good weather app for me! thumbs up!,positive,positive,0.6309962272644043,0.09859442710876465,0.27040931582450867,0.6309962272644043
i guess it's <url>,positive,neutral,0.4730423092842102,0.21625959873199463,0.4730423092842102,0.3106980323791504
loved it before update,neutral,negative,0.41319653391838074,0.41319653391838074,0.37291398644447327,0.2138894647359848
it is good news app but some improvement required in spelling and language.,positive,positive,0.6956634521484375,0.018306178972125053,0.2860303819179535,0.6956634521484375
"as a frequent user , you should have few options as reward the client should choose between",positive,positive,0.4780771732330322,0.07421182096004486,0.44771093130111694,0.4780771732330322
no bookmark or jump to <url> really annoying,negative,negative,0.5488543510437012,0.5488543510437012,0.3646656572818756,0.08647996187210083
app is <url> service sucks,neutral,negative,0.4692034423351288,0.4692034423351288,0.31933921575546265,0.2114572823047638
i can't use web mobile in <url>,negative,negative,0.6002673506736755,0.6002673506736755,0.28502699732780457,0.11470557004213333
the new button is super poopy.,negative,neutral,0.44948089122772217,0.12286749482154846,0.44948089122772217,0.42765161395072937
"i love it, but desperately needs to save last <url> and place within that <url> a bookmarking function!",neutral,positive,0.7668559551239014,0.04294990003108978,0.19019417464733124,0.7668559551239014
"simple to use,in a straight forward easy to understand format. <signature>",positive,positive,0.8675779700279236,0.019329795613884926,0.11309218406677246,0.8675779700279236
i saw no last minute rates as promised on the description.,negative,negative,0.4818260073661804,0.4818260073661804,0.3669412434101105,0.1512327790260315
if you browse like i do this is a must have. i rated it <number> stars before but now it is becoming a mess. you are killing its reputation with ads. i must wait for few seconds advert to finish before browsing.,neutral,negative,0.6425652503967285,0.6425652503967285,0.2846873998641968,0.07274738699197769
the drawer is old,negative,neutral,0.48795613646507263,0.3102801442146301,0.48795613646507263,0.20176370441913605
what a great messanger. you make us who separated a kilometers away can gather in one place. keep <url>,positive,negative,0.47086459398269653,0.47086459398269653,0.2993744909763336,0.22976087033748627
add text option please,neutral,positive,0.4808966815471649,0.0739995688199997,0.44510379433631897,0.4808966815471649
new logo looks like swastika maybe next time dev team will worked on app ram usage?,negative,neutral,0.5395735502243042,0.17449449002742767,0.5395735502243042,0.28593191504478455
don't use. can't uninstall on tablet,neutral,negative,0.8520108461380005,0.8520108461380005,0.12354326993227005,0.024445874616503716
fast but doesn't allow you to jump to pages no good for big ebooks,neutral,neutral,0.5684882998466492,0.2869747281074524,0.5684882998466492,0.14453700184822083
how can i make a video call??,positive,neutral,0.46394848823547363,0.3103100657463074,0.46394848823547363,0.22574147582054138
easy to use and useful,positive,positive,0.8583893179893494,0.021758615970611572,0.11985205858945847,0.8583893179893494
"i saw this app on engadget and was excited to try it. however, the hdr mode does not work on my phone. i have a samsung galaxy s <number> edge. it is listed as one of the phones that works but the option for hdr is not available on the drop-down menu.",neutral,neutral,0.49807238578796387,0.34594035148620605,0.49807238578796387,0.15598729252815247
i was able to update and view my bookings very easily. very convenient.,positive,positive,0.8431954979896545,0.01892062835395336,0.13788390159606934,0.8431954979896545
"it lost all my progress! i had the cat tree, octopus, etc",negative,negative,0.815314531326294,0.815314531326294,0.14690513908863068,0.03778030723333359
best crashes ever!!!! worthless,negative,negative,0.6980789303779602,0.6980789303779602,0.19227968156337738,0.10964135080575943
radar map never loads first try.,neutral,neutral,0.43636688590049744,0.42425379157066345,0.43636688590049744,0.1393793225288391
"simple to the massage, i like bbm,cause i can see when the massage have delivered n read .",positive,positive,0.8116469383239746,0.023379432037472725,0.164973646402359,0.8116469383239746
its <url> make something <url>,neutral,neutral,0.3989045321941376,0.26189935207366943,0.3989045321941376,0.3391961455345154
this is my favorite weather app to use. i've used it since i was a teenager. the only problem i have is that the hourly forecast is almost never right which is very inconvenient for me considering i work outside. on the bright side you can look at the radar and pretty much tell what what is gonna hit you.,neutral,neutral,0.5220847129821777,0.13213369250297546,0.5220847129821777,0.3457816243171692
cant connect to facebook,neutral,negative,0.5998824834823608,0.5998824834823608,0.3407699167728424,0.05934756621718407
"i like it and think it's super cute and fun, but i wish it had more such as maybe tattoos or piercings and i wish you could create outfits instead of picking an outfit",positive,positive,0.8059586882591248,0.01895575411617756,0.1750856190919876,0.8059586882591248
good for quick edits on the move,positive,positive,0.7907600402832031,0.01760181225836277,0.19163812696933746,0.7907600402832031
why the almost daily updates?,neutral,neutral,0.5323445200920105,0.28196021914482117,0.5323445200920105,0.18569529056549072
terrible. i don't need creative cloud!,negative,negative,0.931839644908905,0.931839644908905,0.051130056381225586,0.01703028380870819
sign up form doesn't work and this app doesnt work without an adobe account so it was just a waste of time.,negative,negative,0.9266932606697083,0.9266932606697083,0.0595785453915596,0.013728173449635506
love it but a problem?,positive,positive,0.7090165615081787,0.023879235610365868,0.26710423827171326,0.7090165615081787
does what supposed to an as far as forcast go seems good,positive,positive,0.5604215264320374,0.02616778574883938,0.41341066360473633,0.5604215264320374
i can't import alot of my photos!,neutral,negative,0.6582611203193665,0.6582611203193665,0.2691021263599396,0.07263679057359695
horrible pdf reader. there are much better alternatives.,negative,negative,0.913690984249115,0.913690984249115,0.06368697434663773,0.022621994838118553
"it's great that it can read my truck's <number> , <number> page service manual right here on my phone; but i can't find anything if there is no search feature!!",neutral,positive,0.7167205214500427,0.030949275940656662,0.2523301839828491,0.7167205214500427
it does logout of account after closing,positive,negative,0.45283621549606323,0.45283621549606323,0.3673000931739807,0.17986370623111725
"love it. would be great if you could include options to dodge and burn images, too.",positive,positive,0.8423454165458679,0.022473348304629326,0.1351812779903412,0.8423454165458679
i don't like that i can't attach to a text in gboard. i have to go through bitmoji to send in a text. it is easier to send in iphone and i can't do friendmojis,positive,neutral,0.578842282295227,0.24003556370735168,0.578842282295227,0.18112219870090485
"does not work on the captivate at <url> very disapointed, it just says it has failed to read found files.",negative,negative,0.9190627932548523,0.9190627932548523,0.06709934026002884,0.013837825506925583
it's an useful app,positive,positive,0.814175009727478,0.017017411068081856,0.16880758106708527,0.814175009727478
is the white house in charge of it?,negative,negative,0.4253615140914917,0.4253615140914917,0.3783325254917145,0.19630590081214905
weather automation doesn't work anymore so it's stupid,negative,negative,0.8285526633262634,0.8285526633262634,0.1446373462677002,0.02680997923016548
some times its just boarding,neutral,neutral,0.5837026834487915,0.1284293234348297,0.5837026834487915,0.28786802291870117
i deplore pdfs of all kinds. <url> the only thing that can read a pdf. but this app does <url> it still sux,negative,negative,0.5055184960365295,0.5055184960365295,0.3780633807182312,0.11641811579465866
installs another app without warning,negative,negative,0.8339212536811829,0.8339212536811829,0.1293076127767563,0.036771226674318314
it's your app so you get to choose your logo. but this new one confusing my son that slack is a game and he is complaining i keep playing this game all the time but have no shame in denying his rights to play games eternally. ps: unable to view old items unless we pay is gross.,neutral,negative,0.6388075947761536,0.6388075947761536,0.2924301028251648,0.06876231729984283
"other parties doin better ""reader n even writer"" than adobe!",negative,neutral,0.46851545572280884,0.12180992215871811,0.46851545572280884,0.40967467427253723
takes too much time to load sometimes,positive,neutral,0.5790927410125732,0.15607647597789764,0.5790927410125732,0.2648307979106903
it is an interesting app that uses a lot of memory. but great communication tool,neutral,positive,0.8486852645874023,0.017952220514416695,0.1333625465631485,0.8486852645874023
it's amazing and faster then other <url>,neutral,positive,0.7996901869773865,0.026636477559804916,0.17367325723171234,0.7996901869773865
best weather app out there until it stopped working. won't load anything now. please <url>,negative,neutral,0.4780675768852234,0.06490818411111832,0.4780675768852234,0.4570241868495941
will be much better if it has read out <url>,positive,neutral,0.5742550492286682,0.056713175028562546,0.5742550492286682,0.36903178691864014
good overall but seems to have an issue of being unavailable or offline when other weather apps are working just fine providing the same info. <url> radar,positive,positive,0.5019012093544006,0.027604633942246437,0.4704941511154175,0.5019012093544006
does the camera support long exposure?,positive,neutral,0.5884050130844116,0.11534856259822845,0.5884050130844116,0.2962464690208435
i enjoy using it. i just have to play with it more to get more experience,positive,positive,0.8171383738517761,0.023163359612226486,0.15969820320606232,0.8171383738517761
it helps me a lot,positive,positive,0.7729856371879578,0.02313859388232231,0.20387573540210724,0.7729856371879578
not bad at all. great improvement.,positive,positive,0.7752038240432739,0.0322878360748291,0.1925082802772522,0.7752038240432739
plenty of unnessary ads,negative,negative,0.5025612711906433,0.5025612711906433,0.37742844223976135,0.12001028656959534
the news feed so annoying please avoid this type of <url> or add a button for stop news <url>,negative,neutral,0.4910150468349457,0.3351542055606842,0.4910150468349457,0.17383074760437012
can be a bit complicated and in your face but it does a good job and is well supported by venues.,positive,neutral,0.5105712413787842,0.0335865318775177,0.5105712413787842,0.4558422267436981
i liked it. no reply on mobile though.,positive,neutral,0.5473071336746216,0.12885993719100952,0.5473071336746216,0.3238329291343689
"works perfectly with snapchat, i hope soon it has more goth/alternative outfits and options for piercings and ear spacers. love the new hair options!",positive,positive,0.8543714880943298,0.024097125977277756,0.12153138965368271,0.8543714880943298
"it used to be a <number> star app but not every time i try to open it it crashes, please fix this asap",negative,negative,0.5373924970626831,0.5373924970626831,0.3669525384902954,0.09565503895282745
where's the support?,negative,neutral,0.46171844005584717,0.331362783908844,0.46171844005584717,0.20691879093647003
i think nice but mobile hang krta h,neutral,neutral,0.5090671181678772,0.028696803376078606,0.5090671181678772,0.4622360169887543
please add fonts in this app to write . <signature>,neutral,positive,0.5675613880157471,0.1009187325835228,0.3315199315547943,0.5675613880157471
"worked once, then has never worked again.",negative,negative,0.8095498085021973,0.8095498085021973,0.14659883081912994,0.04385130852460861
fix the radar! what is taking so long? i'm very close to deleting this app for good. i doubt i'm alone!,negative,negative,0.6995837092399597,0.6995837092399597,0.24385784566402435,0.05655854195356369
it is good aap for searching and downloading <url>,positive,positive,0.6765418648719788,0.0235836710780859,0.2998744249343872,0.6765418648719788
while controlling shutter speed whole app is getting freezed.,neutral,negative,0.522922694683075,0.522922694683075,0.3731974959373474,0.10387978702783585
"no full language support. what a shame, adobe.",negative,negative,0.9082721471786499,0.9082721471786499,0.07410536706447601,0.017622550949454308
it's nice <url>,neutral,positive,0.6312217712402344,0.020662076771259308,0.3481161892414093,0.6312217712402344
"this app is not at all what i had expected. it is very hard to use. at the beggining, you get small info about one fature of the app. once you start to use it, the purpose just gets confusing, how does the tree grow? is the time a stopclock, a timer, im so confused! please improve this app to be more user friendly!",negative,negative,0.4912375509738922,0.4912375509738922,0.41511717438697815,0.09364528954029083
lost status bar info,neutral,negative,0.6736951470375061,0.6736951470375061,0.24887163937091827,0.07743316888809204
it was fine before i was forced to update.,neutral,negative,0.6395822763442993,0.6395822763442993,0.26868537068367004,0.09173235297203064
